Column1,Column2,Column3,Column4,Column5,Column6,Column7,Column8,Column9,Column10,Column11,Column12,Column13,Column14,Column15,Column16,Column17,Column18,Column19,Column20,Column21,Column22,Column23,Column24,Column25,Column26,Column27,Column28,Column29,Column30,Column31,Column32,Column33,Column34,Column35,Column36,Column37,Column38,Column39,Column40,Column41,Column42,Column43,Column44,Column45,Column46,Column47,Column48,Column49,Column50,Column51,Column52,Column53,Column54,Column55,Column56,Column57,Column58,Column59,Column60,Column61,Column62,Column63,Column64,Column65,Column66,Column67,Column68,Column69,Column70,Column71,Column72,Column73,Column74
4895.0,422.0,89.0,76.0,12.0,0.0,230.0,255.0,2.0,74.0,44.0,0.0,2.0,114.0,0.0,885.0,145.0,39.0,82.0,68.0,0.0,1.0,483.0,223.0,140.0,150.0,75.0,12.0,53.0,36.0,18.0,15.0,40.0,1901.0,2.0,5495.0,230.0,74.0,44.0,885.0,1040.0,377.0,53.0,69.0,2.0,0.0,0.0,0.0,0.0,0.0,0.0,0.0,0.0,0.0,0.0,0.0,0.0,0.0,0.0,0.0,0.0,0.0,0.0,0.0,0.0,0.0,0.0,0.0,0.0,0.0,0.0,0.0,0.0,0.0
440.0,25.0,1.0,6.0,0.0,0.0,131.0,56.0,3.0,1.0,13.0,0.0,73.0,22.0,185.0,498.0,40.0,1.0,20.0,78.0,0.0,12.0,153.0,141.0,71.0,49.0,42.0,0.0,11.0,4.0,0.0,4.0,40.0,964.0,2.0,474.0,132.0,17.0,13.0,778.0,451.0,197.0,11.0,8.0,15.0,2.0,0.0,0.0,1.0,0.0,16.0,0.0,0.0,0.0,94.0,5.0,0.0,1.0,0.0,35.0,3.0,5.0,2.0,1.0,1.0,1.0,0.0,0.0,0.0,0.0,0.0,0.0,0.0,0.0
7270.0,117.0,517.0,627.0,0.0,1.0,2540.0,1089.0,7.0,247.0,71.0,3.0,191.0,586.0,1073.0,4147.0,1116.0,9.0,247.0,544.0,10.0,821.0,512.0,1141.0,220.0,301.0,291.0,14.0,57.0,20.0,0.0,10.0,316.0,5549.0,13.0,8534.0,2540.0,326.0,71.0,6497.0,4477.0,826.0,57.0,29.0,154.0,0.0,0.0,0.0,0.0,0.0,61.0,18.0,0.0,11.0,1277.0,75.0,3.0,0.0,19.0,0.0,17.0,100.0,17.0,5.0,2.0,0.0,0.0,0.0,3.0,0.0,0.0,0.0,0.0,0.0
874.0,174.0,0.0,833.0,30.0,0.0,438.0,327.0,23.0,0.0,2.0,3.0,0.0,192.0,102.0,1344.0,6.0,274.0,1154.0,22.0,431.0,0.0,2.0,50.0,181.0,23.0,372.0,9.0,25.0,2.0,0.0,11.0,24.0,264.0,20.0,1912.0,5743.0,192.0,2.0,1453.0,1940.0,776.0,25.0,12.0,329.0,0.0,0.0,4249.0,1056.0,0.0,192.0,0.0,11.0,47.0,7.0,0.0,0.0,0.0,0.0,191.0,131.0,152.0,24.0,1.0,1.0,0.0,0.0,0.0,0.0,0.0,0.0,0.0,0.0,0.0
6.0,1.0,0.0,0.0,0.0,0.0,1.0,3.0,0.0,0.0,0.0,0.0,0.0,1.0,1.0,5.0,2.0,0.0,1.0,0.0,1.0,0.0,0.0,9.0,1.0,0.0,5.0,0.0,0.0,0.0,0.0,0.0,0.0,11.0,0.0,7.0,2.0,0.0,0.0,7.0,14.0,8.0,0.0,0.0,5.0,0.0,0.0,0.0,0.0,0.0,0.0,0.0,0.0,0.0,1.0,0.0,0.0,0.0,0.0,1.0,1.0,1.0,2.0,1.0,0.0,1.0,0.0,0.0,0.0,0.0,0.0,0.0,0.0,0.0
4273.0,364.0,0.0,433.0,0.0,19.0,1361.0,1717.0,2.0,19.0,18.0,10.0,4.0,605.0,696.0,1670.0,888.0,0.0,532.0,817.0,40.0,0.0,44.0,508.0,2300.0,65.0,1602.0,43.0,230.0,38.0,4.0,81.0,472.0,8085.0,9.0,5116.0,1812.0,35.0,18.0,2858.0,3167.0,4445.0,230.0,123.0,292.0,0.0,27.0,78.0,372.0,0.0,9.0,7.0,0.0,2.0,493.0,176.0,158.0,4.0,4.0,435.0,109.0,63.0,0.0,13.0,63.0,36.0,0.0,0.0,0.0,0.0,0.0,0.0,0.0,0.0
389.0,9.0,0.0,0.0,0.0,6.0,134.0,98.0,2.0,0.0,6.0,0.0,3.0,28.0,262.0,724.0,14.0,1.0,2.0,74.0,0.0,0.0,40.0,187.0,59.0,9.0,40.0,0.0,14.0,5.0,0.0,11.0,35.0,622.0,10.0,406.0,134.0,0.0,6.0,1039.0,330.0,136.0,14.0,17.0,13.0,0.0,1.0,0.0,0.0,0.0,0.0,0.0,0.0,1.0,52.0,1.0,2.0,8.0,0.0,29.0,0.0,2.0,1.0,0.0,0.0,0.0,0.0,0.0,0.0,0.0,0.0,0.0,0.0,0.0
1645.0,258.0,0.0,115.0,0.0,2.0,1274.0,851.0,10.0,17.0,174.0,55.0,66.0,543.0,687.0,1473.0,364.0,2.0,347.0,534.0,122.0,5.0,154.0,480.0,790.0,231.0,1077.0,52.0,186.0,86.0,7.0,76.0,199.0,5474.0,96.0,2048.0,1318.0,30.0,174.0,2400.0,2058.0,2713.0,186.0,169.0,609.0,24.0,4.0,5.0,38.0,0.0,0.0,13.0,4.0,30.0,241.0,39.0,10.0,0.0,3.0,564.0,161.0,105.0,51.0,100.0,28.0,68.0,5.0,0.0,0.0,0.0,0.0,0.0,0.0,0.0
689.0,31.0,3.0,105.0,0.0,0.0,496.0,336.0,11.0,2.0,58.0,6.0,6.0,190.0,162.0,634.0,219.0,7.0,93.0,411.0,22.0,1.0,74.0,443.0,146.0,10.0,158.0,12.0,11.0,47.0,67.0,99.0,125.0,2192.0,35.0,951.0,496.0,7.0,58.0,881.0,1309.0,772.0,11.0,213.0,118.0,103.0,19.0,0.0,0.0,0.0,2.0,4.0,17.0,9.0,85.0,31.0,7.0,1.0,2.0,447.0,25.0,37.0,7.0,9.0,2.0,4.0,0.0,0.0,0.0,0.0,0.0,0.0,0.0,0.0
2093.0,19.0,0.0,125.0,0.0,7.0,695.0,162.0,3.0,0.0,29.0,0.0,1.0,28.0,453.0,961.0,36.0,4.0,9.0,132.0,1.0,1.0,135.0,382.0,119.0,71.0,99.0,1.0,19.0,30.0,0.0,0.0,77.0,1431.0,2.0,2249.0,695.0,9.0,29.0,1567.0,705.0,293.0,19.0,31.0,20.0,2.0,1.0,0.0,0.0,0.0,9.0,0.0,0.0,2.0,152.0,5.0,1.0,0.0,0.0,2.0,1.0,17.0,0.0,0.0,0.0,0.0,0.0,0.0,0.0,0.0,0.0,0.0,0.0,0.0
15.0,9.0,1.0,1.0,0.0,0.0,3.0,11.0,0.0,0.0,1.0,3.0,0.0,2.0,9.0,37.0,23.0,0.0,10.0,15.0,1.0,0.0,2.0,19.0,8.0,2.0,17.0,0.0,1.0,1.0,0.0,1.0,2.0,39.0,0.0,28.0,6.0,0.0,1.0,48.0,105.0,39.0,1.0,2.0,10.0,0.0,1.0,1.0,1.0,0.0,0.0,0.0,0.0,1.0,2.0,13.0,20.0,1.0,0.0,12.0,1.0,5.0,0.0,3.0,0.0,1.0,0.0,0.0,0.0,0.0,0.0,0.0,0.0,0.0
2736.0,26892.0,0.0,125.0,12.0,0.0,7266.0,853.0,0.0,578.0,109.0,6.0,0.0,993.0,246.0,2583.0,121.0,7.0,697.0,148.0,168.0,1.0,41.0,2356.0,201.0,208.0,220.0,16.0,93.0,31.0,0.0,21.0,326.0,3431.0,2546.0,29765.0,7524.0,1029.0,109.0,4281.0,3654.0,644.0,93.0,52.0,3008.0,0.0,0.0,23.0,234.0,0.0,47.0,403.0,95.0,5.0,1452.0,57.0,58.0,0.0,121.0,0.0,94.0,74.0,115.0,179.0,0.0,0.0,0.0,0.0,0.0,0.0,300.0,300.0,0.0,0.0
19.0,4.0,0.0,3.0,0.0,1.0,14.0,16.0,0.0,1.0,1.0,2.0,0.0,3.0,1.0,17.0,8.0,0.0,3.0,4.0,1.0,0.0,2.0,7.0,4.0,1.0,12.0,0.0,1.0,0.0,1.0,1.0,3.0,31.0,0.0,28.0,17.0,2.0,1.0,20.0,27.0,19.0,1.0,2.0,11.0,0.0,0.0,0.0,1.0,0.0,0.0,1.0,0.0,1.0,2.0,1.0,1.0,1.0,0.0,2.0,1.0,7.0,3.0,1.0,0.0,0.0,0.0,0.0,0.0,1.0,0.0,0.0,0.0,0.0
566.0,30.0,40.0,5.0,0.0,63.0,1714.0,351.0,3.0,0.0,27.0,1.0,4.0,174.0,206.0,1059.0,98.0,1.0,73.0,248.0,11.0,1.0,14.0,204.0,160.0,1.0,293.0,2.0,73.0,33.0,0.0,34.0,148.0,1251.0,34.0,1040.0,1714.0,0.0,27.0,1411.0,672.0,834.0,73.0,67.0,154.0,256.0,80.0,0.0,0.0,0.0,0.0,0.0,3.0,5.0,145.0,8.0,15.0,0.0,0.0,378.0,31.0,71.0,11.0,2.0,2.0,2.0,0.0,0.0,0.0,0.0,0.0,0.0,0.0,0.0
1243.0,96.0,4.0,25.0,0.0,1.0,1037.0,533.0,7.0,2.0,79.0,33.0,6.0,230.0,324.0,1155.0,81.0,0.0,47.0,267.0,30.0,2.0,79.0,233.0,174.0,15.0,135.0,24.0,36.0,78.0,107.0,120.0,140.0,2623.0,73.0,1376.0,1037.0,28.0,79.0,1515.0,793.0,776.0,36.0,313.0,278.0,7.0,2.0,0.0,0.0,0.0,6.0,20.0,1.0,3.0,35.0,22.0,15.0,16.0,1.0,429.0,81.0,49.0,7.0,23.0,3.0,42.0,1.0,0.0,0.0,0.0,0.0,0.0,0.0,0.0
18.0,9.0,0.0,11.0,0.0,0.0,5.0,14.0,0.0,0.0,2.0,1.0,0.0,2.0,1.0,13.0,29.0,0.0,2.0,0.0,1.0,0.0,0.0,3.0,2.0,0.0,9.0,0.0,0.0,0.0,0.0,2.0,2.0,27.0,0.0,40.0,6.0,5.0,2.0,15.0,57.0,17.0,0.0,2.0,5.0,0.0,1.0,0.0,0.0,0.0,4.0,1.0,1.0,0.0,1.0,0.0,19.0,2.0,0.0,6.0,0.0,2.0,0.0,1.0,0.0,1.0,0.0,0.0,2.0,0.0,0.0,0.0,0.0,0.0
135.0,552.0,0.0,441.0,14.0,2.0,1.0,74.0,0.0,36.0,66.0,4.0,0.0,68.0,378.0,171.0,14.0,0.0,18.0,17.0,323.0,1.0,1.0,138.0,32.0,9.0,203.0,9.0,9.0,0.0,0.0,2.0,9.0,87.0,27.0,1233.0,2814.0,99.0,66.0,592.0,512.0,260.0,9.0,2.0,138.0,0.0,0.0,1153.0,58.0,1.0,63.0,0.0,0.0,64.0,42.0,0.0,0.0,0.0,67.0,8.0,5.0,16.0,88.0,1.0,0.0,0.0,0.0,0.0,90.0,1600.0,0.0,0.0,0.0,0.0
4.0,0.0,0.0,0.0,0.0,0.0,1.0,1.0,0.0,0.0,0.0,0.0,0.0,0.0,2.0,9.0,3.0,0.0,1.0,2.0,1.0,0.0,1.0,6.0,2.0,0.0,2.0,0.0,0.0,0.0,0.0,0.0,1.0,6.0,0.0,4.0,1.0,0.0,0.0,11.0,14.0,6.0,0.0,0.0,3.0,0.0,0.0,0.0,0.0,0.0,0.0,0.0,0.0,0.0,1.0,0.0,0.0,0.0,0.0,2.0,1.0,1.0,1.0,0.0,0.0,0.0,0.0,0.0,0.0,0.0,0.0,0.0,0.0,0.0
533.0,288.0,0.0,415.0,0.0,24.0,690.0,284.0,1.0,12.0,92.0,1.0,0.0,40.0,56.0,202.0,254.0,0.0,27.0,31.0,42.0,0.0,20.0,79.0,211.0,18.0,366.0,18.0,39.0,1.0,0.0,30.0,55.0,491.0,8.0,1270.0,898.0,49.0,92.0,336.0,741.0,708.0,39.0,31.0,23.0,0.0,9.0,167.0,4.0,37.0,32.0,5.0,0.0,6.0,79.0,22.0,8.0,257.0,0.0,95.0,0.0,5.0,10.0,0.0,0.0,0.0,0.0,0.0,0.0,0.0,0.0,0.0,0.0,0.0
358.0,7.0,12.0,296.0,0.0,2.0,291.0,57.0,4.0,5.0,6.0,0.0,1.0,25.0,74.0,650.0,37.0,0.0,22.0,88.0,1.0,0.0,32.0,209.0,35.0,2.0,50.0,0.0,9.0,3.0,3.0,3.0,17.0,666.0,4.0,680.0,291.0,28.0,6.0,766.0,409.0,123.0,9.0,9.0,16.0,5.0,0.0,0.0,0.0,0.0,18.0,4.0,6.0,2.0,43.0,8.0,2.0,11.0,28.0,36.0,4.0,6.0,1.0,0.0,1.0,0.0,0.0,0.0,0.0,0.0,0.0,0.0,0.0,0.0
77.0,14.0,4.0,78.0,1.0,10.0,26.0,51.0,0.0,4.0,1.0,0.0,0.0,23.0,6.0,67.0,25.0,0.0,2.0,11.0,0.0,0.0,2.0,82.0,16.0,8.0,11.0,23.0,8.0,1.0,0.0,2.0,4.0,238.0,1.0,228.0,114.0,11.0,1.0,78.0,134.0,58.0,8.0,4.0,8.0,3.0,0.0,0.0,1.0,88.0,7.0,0.0,2.0,1.0,6.0,6.0,0.0,6.0,0.0,2.0,1.0,6.0,0.0,0.0,0.0,0.0,0.0,0.0,41.0,0.0,0.0,0.0,0.0,0.0
10620.0,6437.0,0.0,5612.0,0.0,180.0,3587.0,7937.0,18.0,27.0,128.0,2590.0,106.0,3579.0,3689.0,5350.0,3324.0,0.0,5808.0,992.0,1958.0,1.0,951.0,4668.0,7863.0,125.0,9016.0,23.0,465.0,97.0,0.0,595.0,1799.0,29910.0,989.0,23289.0,11173.0,3296.0,128.0,10325.0,18671.0,19552.0,465.0,693.0,2178.0,4.0,437.0,7275.0,195.0,0.0,3220.0,50.0,725.0,6.0,1285.0,902.0,70.0,0.0,0.0,2525.0,674.0,219.0,125.0,125.0,8.0,38.0,1.0,0.0,0.0,117.0,3300.0,3300.0,0.0,0.0
18.0,32.0,0.0,5.0,0.0,1.0,5.0,12.0,0.0,0.0,1.0,1.0,0.0,4.0,2.0,30.0,7.0,1.0,1.0,3.0,2.0,0.0,1.0,14.0,5.0,1.0,26.0,0.0,0.0,1.0,0.0,0.0,7.0,29.0,1.0,57.0,9.0,1.0,1.0,38.0,32.0,36.0,0.0,1.0,20.0,0.0,0.0,3.0,0.0,0.0,0.0,0.0,1.0,1.0,5.0,1.0,0.0,2.0,0.0,3.0,1.0,2.0,9.0,4.0,1.0,1.0,0.0,0.0,0.0,0.0,0.0,0.0,0.0,0.0
875.0,16.0,6.0,194.0,0.0,0.0,199.0,190.0,0.0,4.0,14.0,3.0,16.0,92.0,136.0,305.0,53.0,5.0,29.0,47.0,2.0,1.0,79.0,270.0,28.0,12.0,149.0,9.0,33.0,5.0,0.0,43.0,60.0,1125.0,19.0,1094.0,199.0,17.0,14.0,487.0,509.0,388.0,33.0,48.0,50.0,1.0,2.0,0.0,0.0,0.0,12.0,1.0,0.0,3.0,45.0,12.0,9.0,2.0,3.0,190.0,6.0,20.0,1.0,2.0,1.0,2.0,0.0,0.0,0.0,0.0,0.0,0.0,0.0,0.0
188.0,363.0,0.0,1160.0,963.0,21.0,5.0,119.0,0.0,252.0,17.0,1.0,0.0,119.0,39.0,246.0,4.0,2.0,5.0,2.0,4.0,0.0,0.0,90.0,76.0,41.0,38.0,11.0,26.0,2.0,0.0,7.0,44.0,505.0,18.0,3677.0,255.0,253.0,17.0,286.0,108.0,199.0,26.0,8.0,114.0,0.0,0.0,15.0,151.0,3.0,0.0,1.0,21.0,179.0,0.0,0.0,0.0,0.0,0.0,33.0,0.0,46.0,50.0,1.0,0.0,0.0,0.0,0.0,981.0,82.0,0.0,0.0,0.0,0.0
42.0,2408.0,4.0,189.0,0.0,1.0,1.0,275.0,0.0,4.0,3.0,20.0,0.0,42.0,0.0,565.0,64.0,0.0,159.0,5.0,23.0,0.0,2.0,138.0,73.0,0.0,28.0,0.0,21.0,0.0,0.0,11.0,21.0,52.0,515.0,2644.0,472.0,75.0,3.0,565.0,397.0,200.0,21.0,11.0,627.0,0.0,0.0,383.0,52.0,35.0,70.0,0.0,66.0,16.0,0.0,2.0,3.0,0.0,12.0,99.0,0.0,2.0,83.0,13.0,7.0,8.0,0.0,0.0,0.0,0.0,120.0,120.0,0.0,0.0
503.0,531.0,11.0,935.0,88.0,0.0,142.0,213.0,4.0,191.0,45.0,0.0,0.0,217.0,829.0,1361.0,2.0,0.0,1090.0,8.0,150.0,1.0,2.0,203.0,93.0,31.0,73.0,67.0,26.0,0.0,0.0,7.0,9.0,340.0,87.0,2695.0,3480.0,478.0,45.0,2382.0,2498.0,297.0,26.0,8.0,342.0,0.0,0.0,2175.0,289.0,539.0,283.0,5.0,14.0,161.0,192.0,0.0,0.0,1043.0,24.0,33.0,55.0,144.0,41.0,14.0,0.0,0.0,0.0,0.0,627.0,334.0,195.0,195.0,0.0,0.0
2989.0,445.0,16.0,667.0,0.0,17.0,2501.0,1136.0,28.0,340.0,181.0,48.0,25.0,895.0,654.0,2850.0,1528.0,45.0,532.0,751.0,174.0,9.0,311.0,1156.0,1064.0,34.0,1290.0,2.0,30.0,95.0,344.0,192.0,455.0,6606.0,179.0,4200.0,2586.0,426.0,181.0,3816.0,4773.0,3193.0,30.0,631.0,792.0,40.0,26.0,13.0,49.0,7.0,33.0,53.0,33.0,101.0,312.0,180.0,71.0,15.0,6.0,802.0,169.0,159.0,5.0,158.0,2.0,120.0,3.0,0.0,0.0,16.0,0.0,0.0,0.0,0.0
26.0,34.0,0.0,126.0,11.0,0.0,1.0,22.0,16.0,36.0,0.0,0.0,0.0,54.0,0.0,86.0,25.0,0.0,116.0,0.0,14.0,0.0,0.0,17.0,55.0,24.0,7.0,33.0,15.0,0.0,0.0,4.0,2.0,62.0,30.0,238.0,1046.0,39.0,0.0,86.0,214.0,136.0,15.0,4.0,36.0,0.0,0.0,563.0,0.0,143.0,0.0,2.0,0.0,0.0,0.0,2.0,5.0,34.0,0.0,17.0,0.0,5.0,1.0,0.0,0.0,0.0,0.0,0.0,41.0,340.0,0.0,0.0,0.0,0.0
119.0,139.0,0.0,211.0,520.0,416.0,42.0,133.0,1.0,51.0,0.0,0.0,0.0,40.0,0.0,79.0,0.0,0.0,0.0,0.0,0.0,18.0,0.0,91.0,98.0,43.0,5.0,6.0,27.0,1.0,0.0,4.0,3.0,265.0,60.0,2088.0,709.0,112.0,0.0,99.0,109.0,154.0,27.0,5.0,61.0,0.0,0.0,225.0,75.0,23.0,61.0,0.0,0.0,160.0,20.0,0.0,0.0,0.0,0.0,1.0,0.0,1.0,0.0,0.0,0.0,0.0,0.0,0.0,684.0,344.0,0.0,0.0,0.0,0.0
1845.0,156.0,13.0,371.0,0.0,35.0,1089.0,789.0,3.0,39.0,26.0,7.0,31.0,128.0,177.0,831.0,101.0,2.0,166.0,196.0,51.0,0.0,91.0,395.0,420.0,7.0,643.0,4.0,17.0,22.0,1.0,60.0,176.0,2046.0,11.0,2473.0,1105.0,74.0,26.0,1264.0,1126.0,1510.0,17.0,83.0,220.0,4.0,49.0,1.0,14.0,1.0,29.0,6.0,1.0,13.0,255.0,112.0,1.0,12.0,0.0,435.0,58.0,65.0,0.0,36.0,31.0,19.0,13.0,0.0,0.0,0.0,0.0,0.0,0.0,0.0
87783.0,108321.0,208.0,9391.0,829.0,369.0,57384.0,8617.0,330.0,934.0,3494.0,445.0,1.0,9941.0,43122.0,426850.0,21201.0,4481.0,10061.0,29391.0,1351.0,151.0,8956.0,49597.0,7089.0,4337.0,18284.0,1635.0,4771.0,149.0,0.0,2626.0,25999.0,45252.0,22226.0,209038.0,95208.0,1838.0,3494.0,489299.0,130129.0,84591.0,4771.0,2775.0,47754.0,122.0,160.0,2645.0,33623.0,1556.0,66.0,838.0,5072.0,5355.0,19327.0,1722.0,3218.0,0.0,199.0,53247.0,4675.0,431.0,1792.0,5331.0,1028.0,12270.0,941.0,13086.0,1855.0,0.0,0.0,0.0,0.0,0.0
1439.0,1354.0,58.0,1457.0,0.0,3.0,1616.0,1603.0,2.0,73.0,8.0,109.0,1.0,719.0,704.0,913.0,366.0,653.0,510.0,109.0,480.0,0.0,65.0,2164.0,790.0,10.0,1332.0,7.0,140.0,21.0,1.0,51.0,521.0,5242.0,152.0,4321.0,3825.0,309.0,8.0,2042.0,7032.0,2454.0,140.0,72.0,301.0,0.0,10.0,1858.0,0.0,72.0,155.0,81.0,43.0,13.0,425.0,118.0,1.0,2566.0,0.0,314.0,6.0,126.0,7.0,4.0,4.0,2.0,0.0,0.0,0.0,279.0,0.0,35.0,0.0,35.0
178.0,73.0,18.0,16.0,0.0,0.0,9.0,77.0,0.0,0.0,0.0,4.0,0.0,42.0,19.0,139.0,13.0,1.0,94.0,3.0,5.0,0.0,2.0,84.0,19.0,2.0,58.0,41.0,11.0,0.0,0.0,0.0,3.0,48.0,36.0,286.0,1182.0,15.0,0.0,167.0,290.0,131.0,11.0,1.0,118.0,0.0,1.0,1100.0,8.0,51.0,9.0,6.0,0.0,13.0,8.0,6.0,5.0,78.0,0.0,11.0,35.0,41.0,5.0,1.0,0.0,0.0,0.0,0.0,0.0,14.0,5.0,5.0,0.0,0.0
192.0,223.0,15.0,52.0,0.0,0.0,75.0,234.0,1.0,2.0,4.0,6.0,1.0,70.0,112.0,93.0,143.0,0.0,2.0,41.0,142.0,0.0,13.0,179.0,74.0,0.0,119.0,0.0,9.0,6.0,0.0,19.0,51.0,893.0,29.0,489.0,122.0,52.0,4.0,242.0,650.0,244.0,9.0,25.0,63.0,0.0,7.0,22.0,0.0,20.0,49.0,0.0,8.0,3.0,37.0,32.0,20.0,78.0,0.0,50.0,3.0,20.0,3.0,4.0,1.0,2.0,0.0,0.0,0.0,4.0,0.0,0.0,0.0,0.0
457.0,11.0,3.0,42.0,0.0,3.0,182.0,144.0,3.0,1.0,13.0,1.0,32.0,57.0,70.0,240.0,71.0,1.0,51.0,112.0,4.0,0.0,121.0,88.0,53.0,7.0,37.0,4.0,9.0,5.0,0.0,36.0,36.0,991.0,6.0,521.0,182.0,3.0,13.0,345.0,464.0,284.0,9.0,41.0,81.0,3.0,1.0,0.0,0.0,0.0,2.0,0.0,0.0,3.0,36.0,12.0,3.0,0.0,1.0,184.0,16.0,41.0,5.0,2.0,8.0,3.0,0.0,0.0,0.0,0.0,0.0,0.0,0.0,0.0
615.0,763.0,0.0,318.0,0.0,1.0,107.0,596.0,1.0,64.0,0.0,58.0,1.0,84.0,614.0,909.0,79.0,2.0,134.0,4.0,75.0,0.0,2.0,724.0,72.0,14.0,227.0,71.0,22.0,3.0,0.0,8.0,111.0,1126.0,27.0,1696.0,1120.0,239.0,0.0,1637.0,1561.0,608.0,22.0,11.0,63.0,0.0,0.0,285.0,310.0,140.0,175.0,0.0,71.0,2.0,115.0,5.0,33.0,503.0,0.0,223.0,10.0,13.0,4.0,5.0,1.0,3.0,0.0,0.0,0.0,278.0,0.0,0.0,0.0,0.0
95.0,6.0,0.0,4.0,0.0,0.0,34.0,30.0,1.0,2.0,4.0,1.0,3.0,20.0,20.0,81.0,21.0,0.0,9.0,10.0,1.0,1.0,3.0,20.0,7.0,6.0,28.0,2.0,3.0,1.0,0.0,0.0,10.0,129.0,7.0,106.0,36.0,4.0,4.0,110.0,74.0,86.0,3.0,1.0,25.0,0.0,1.0,0.0,0.0,1.0,1.0,0.0,0.0,1.0,10.0,6.0,3.0,0.0,0.0,44.0,5.0,5.0,1.0,3.0,4.0,1.0,0.0,0.0,0.0,0.0,0.0,0.0,0.0,0.0
992.0,51.0,2.0,0.0,0.0,5.0,808.0,378.0,9.0,7.0,20.0,7.0,8.0,244.0,140.0,543.0,169.0,3.0,82.0,135.0,15.0,0.0,63.0,185.0,87.0,4.0,204.0,43.0,33.0,55.0,43.0,41.0,125.0,2089.0,32.0,1205.0,808.0,21.0,20.0,772.0,702.0,779.0,33.0,140.0,92.0,129.0,25.0,0.0,0.0,0.0,2.0,12.0,9.0,6.0,90.0,29.0,14.0,7.0,3.0,441.0,22.0,29.0,6.0,2.0,0.0,1.0,0.0,0.0,0.0,0.0,0.0,0.0,0.0,0.0
551.0,28.0,0.0,26.0,0.0,0.0,352.0,237.0,4.0,1.0,30.0,10.0,3.0,52.0,98.0,447.0,247.0,2.0,80.0,137.0,22.0,3.0,48.0,127.0,160.0,5.0,150.0,5.0,38.0,10.0,51.0,43.0,86.0,1558.0,4.0,738.0,352.0,6.0,30.0,592.0,683.0,460.0,38.0,125.0,130.0,79.0,53.0,0.0,0.0,0.0,1.0,4.0,0.0,3.0,47.0,11.0,7.0,1.0,1.0,140.0,28.0,60.0,0.0,30.0,0.0,7.0,0.0,0.0,0.0,0.0,0.0,0.0,0.0,0.0
104.0,38.0,0.0,1.0,0.0,0.0,15.0,29.0,0.0,1.0,0.0,0.0,0.0,12.0,8.0,38.0,3.0,0.0,4.0,0.0,0.0,1.0,2.0,25.0,9.0,5.0,2.0,1.0,2.0,0.0,0.0,0.0,1.0,52.0,0.0,146.0,15.0,11.0,0.0,60.0,39.0,16.0,2.0,1.0,3.0,0.0,0.0,0.0,0.0,0.0,1.0,8.0,0.0,0.0,13.0,3.0,0.0,0.0,0.0,0.0,1.0,2.0,0.0,0.0,0.0,0.0,0.0,0.0,3.0,0.0,0.0,0.0,0.0,0.0
5.0,1.0,0.0,0.0,0.0,0.0,1.0,3.0,0.0,0.0,0.0,1.0,0.0,0.0,0.0,6.0,6.0,0.0,3.0,0.0,0.0,0.0,0.0,3.0,1.0,0.0,2.0,0.0,0.0,0.0,0.0,0.0,0.0,10.0,0.0,7.0,10.0,0.0,0.0,7.0,26.0,4.0,0.0,0.0,1.0,0.0,0.0,1.0,1.0,4.0,0.0,0.0,0.0,0.0,0.0,1.0,11.0,1.0,0.0,1.0,0.0,1.0,0.0,0.0,0.0,0.0,0.0,0.0,0.0,4.0,0.0,0.0,0.0,0.0
315.0,546.0,0.0,38.0,0.0,1.0,63.0,354.0,4.0,38.0,1.0,159.0,1.0,183.0,226.0,236.0,139.0,0.0,663.0,14.0,433.0,0.0,9.0,917.0,103.0,2.0,287.0,0.0,21.0,3.0,0.0,14.0,75.0,767.0,4.0,901.0,306.0,121.0,1.0,514.0,2716.0,491.0,21.0,16.0,84.0,0.0,0.0,158.0,36.0,25.0,82.0,1.0,0.0,0.0,52.0,17.0,10.0,515.0,0.0,99.0,33.0,32.0,5.0,6.0,1.0,3.0,0.0,0.0,0.0,24.0,0.0,0.0,0.0,0.0
617.0,709.0,0.0,131.0,0.0,1.0,304.0,347.0,1.0,27.0,2.0,6.0,1.0,251.0,28.0,322.0,79.0,23.0,559.0,68.0,63.0,0.0,31.0,404.0,261.0,7.0,344.0,10.0,53.0,2.0,3.0,66.0,126.0,2197.0,23.0,1504.0,353.0,32.0,2.0,364.0,1613.0,849.0,53.0,72.0,128.0,0.0,47.0,40.0,2.0,8.0,1.0,4.0,0.0,13.0,14.0,5.0,4.0,377.0,0.0,227.0,5.0,49.0,5.0,46.0,0.0,1.0,0.0,0.0,0.0,0.0,0.0,0.0,0.0,0.0
12048.0,3264.0,11.0,5122.0,0.0,0.0,2992.0,2186.0,4.0,413.0,71.0,43.0,436.0,512.0,7392.0,7115.0,2280.0,5.0,1059.0,719.0,6.0,1176.0,1225.0,1687.0,1057.0,130.0,1184.0,128.0,292.0,161.0,4.0,20.0,377.0,4879.0,1142.0,20686.0,3357.0,464.0,71.0,15891.0,8419.0,2500.0,292.0,185.0,1815.0,0.0,1.0,0.0,265.0,100.0,33.0,17.0,52.0,78.0,1383.0,259.0,1.0,3.0,65.0,1.0,298.0,294.0,26.0,36.0,13.0,6.0,0.0,0.0,241.0,0.0,3105.0,3105.0,0.0,0.0
179.0,67.0,0.0,444.0,0.0,2.0,91.0,252.0,0.0,0.0,4.0,46.0,0.0,32.0,94.0,273.0,100.0,0.0,42.0,6.0,3.0,0.0,6.0,95.0,38.0,0.0,126.0,0.0,4.0,1.0,0.0,26.0,60.0,788.0,6.0,796.0,172.0,110.0,4.0,395.0,341.0,184.0,4.0,26.0,43.0,0.0,2.0,42.0,1.0,39.0,110.0,0.0,5.0,3.0,28.0,6.0,0.0,82.0,0.0,20.0,0.0,20.0,14.0,3.0,0.0,0.0,0.0,0.0,102.0,0.0,0.0,0.0,0.0,0.0
115.0,3.0,8.0,7.0,0.0,1.0,114.0,33.0,1.0,0.0,5.0,0.0,1.0,11.0,23.0,119.0,26.0,1.0,10.0,18.0,3.0,0.0,8.0,35.0,9.0,1.0,27.0,0.0,5.0,2.0,2.0,1.0,16.0,367.0,3.0,169.0,114.0,11.0,5.0,148.0,104.0,75.0,5.0,5.0,19.0,29.0,6.0,0.0,0.0,0.0,0.0,11.0,0.0,0.0,7.0,2.0,2.0,0.0,1.0,38.0,9.0,4.0,0.0,2.0,1.0,0.0,0.0,0.0,0.0,0.0,0.0,0.0,0.0,0.0
2942.0,212.0,1447.0,3960.0,644.0,2495.0,625.0,572.0,44.0,958.0,62.0,0.0,0.0,271.0,32.0,1455.0,48.0,25.0,265.0,6.0,7.0,2.0,4.0,306.0,340.0,148.0,62.0,113.0,124.0,18.0,0.0,24.0,34.0,4153.0,22.0,14158.0,7614.0,1488.0,62.0,1694.0,671.0,665.0,124.0,42.0,23.0,0.0,57.0,0.0,1355.0,4680.0,197.0,334.0,42.0,52.0,206.0,4.0,3.0,0.0,95.0,2.0,0.0,1.0,0.0,0.0,0.0,0.0,0.0,0.0,2401.0,953.0,0.0,0.0,0.0,0.0
74.0,40.0,0.0,0.0,0.0,1.0,25.0,33.0,0.0,2.0,0.0,52.0,0.0,10.0,5.0,23.0,6.0,0.0,3.0,4.0,6.0,0.0,1.0,17.0,8.0,5.0,18.0,0.0,2.0,4.0,0.0,2.0,6.0,35.0,1.0,116.0,115.0,10.0,0.0,37.0,38.0,35.0,2.0,6.0,32.0,0.0,0.0,39.0,8.0,38.0,0.0,7.0,0.0,1.0,8.0,0.0,0.0,0.0,0.0,4.0,3.0,20.0,6.0,1.0,0.0,0.0,0.0,0.0,0.0,5.0,0.0,0.0,0.0,0.0
445.0,24.0,33.0,0.0,0.0,6.0,356.0,150.0,3.0,0.0,13.0,1.0,3.0,54.0,91.0,357.0,170.0,2.0,74.0,95.0,22.0,1.0,27.0,117.0,104.0,3.0,108.0,10.0,7.0,27.0,31.0,8.0,52.0,2337.0,83.0,625.0,359.0,6.0,13.0,482.0,517.0,421.0,7.0,67.0,197.0,88.0,30.0,0.0,3.0,0.0,0.0,6.0,0.0,5.0,34.0,6.0,4.0,0.0,0.0,196.0,17.0,74.0,10.0,12.0,0.0,2.0,0.0,0.0,0.0,0.0,0.0,0.0,0.0,0.0
6971.0,314.0,70.0,714.0,0.0,47.0,3458.0,2360.0,35.0,46.0,278.0,26.0,88.0,1236.0,1315.0,4741.0,3122.0,7.0,299.0,845.0,167.0,17.0,337.0,2053.0,1531.0,211.0,1474.0,238.0,377.0,513.0,257.0,192.0,844.0,15514.0,272.0,8180.0,3468.0,119.0,278.0,6256.0,7351.0,5578.0,377.0,979.0,2152.0,28.0,37.0,0.0,0.0,5.0,43.0,30.0,4.0,68.0,200.0,136.0,328.0,39.0,3.0,2125.0,746.0,443.0,12.0,236.0,31.0,413.0,4.0,0.0,0.0,5.0,0.0,0.0,0.0,0.0
19.0,10.0,0.0,0.0,0.0,0.0,10.0,5.0,0.0,1.0,0.0,11.0,0.0,4.0,1.0,11.0,6.0,1.0,0.0,3.0,3.0,0.0,1.0,11.0,9.0,1.0,14.0,1.0,1.0,1.0,1.0,0.0,2.0,26.0,1.0,29.0,16.0,1.0,0.0,14.0,24.0,28.0,1.0,3.0,13.0,0.0,0.0,3.0,0.0,4.0,0.0,0.0,0.0,0.0,2.0,0.0,0.0,0.0,0.0,4.0,0.0,7.0,3.0,1.0,0.0,1.0,0.0,0.0,0.0,0.0,3.0,3.0,0.0,0.0
105.0,62.0,3.0,27.0,0.0,0.0,6.0,24.0,0.0,0.0,0.0,0.0,0.0,10.0,16.0,53.0,9.0,2.0,15.0,5.0,1.0,0.0,0.0,25.0,14.0,2.0,55.0,29.0,10.0,0.0,0.0,0.0,2.0,50.0,11.0,197.0,290.0,0.0,0.0,74.0,255.0,118.0,10.0,1.0,60.0,0.0,0.0,121.0,4.0,41.0,0.0,0.0,0.0,15.0,5.0,0.0,3.0,194.0,0.0,17.0,9.0,30.0,10.0,0.0,0.0,0.0,0.0,0.0,0.0,118.0,6.0,6.0,0.0,0.0
70.0,114.0,0.0,26.0,93.0,3.0,3.0,48.0,0.0,2.0,2.0,0.0,0.0,30.0,16.0,23.0,2.0,0.0,0.0,0.0,0.0,0.0,0.0,13.0,4.0,1.0,5.0,1.0,1.0,0.0,0.0,0.0,2.0,85.0,5.0,333.0,16.0,2.0,2.0,39.0,16.0,12.0,1.0,1.0,45.0,1.0,0.0,11.0,0.0,1.0,0.0,0.0,0.0,8.0,0.0,0.0,0.0,0.0,0.0,0.0,14.0,22.0,2.0,2.0,0.0,0.0,0.0,0.0,25.0,0.0,0.0,0.0,0.0,0.0
709.0,11.0,37.0,118.0,0.0,16.0,244.0,142.0,4.0,0.0,9.0,0.0,1.0,28.0,89.0,128.0,87.0,0.0,15.0,15.0,1.0,0.0,17.0,75.0,26.0,3.0,53.0,0.0,9.0,2.0,0.0,14.0,27.0,648.0,2.0,897.0,244.0,0.0,9.0,251.0,217.0,121.0,9.0,17.0,46.0,1.0,5.0,0.0,0.0,0.0,0.0,0.0,0.0,2.0,34.0,5.0,1.0,0.0,0.0,39.0,2.0,29.0,12.0,0.0,0.0,1.0,0.0,0.0,0.0,0.0,0.0,0.0,0.0,0.0
6900.0,277.0,25.0,1003.0,10.0,56.0,5084.0,2946.0,86.0,14.0,554.0,46.0,66.0,1517.0,1573.0,5612.0,1290.0,188.0,980.0,1543.0,273.0,9.0,722.0,2084.0,1089.0,60.0,1469.0,205.0,62.0,427.0,523.0,587.0,1010.0,21401.0,352.0,9191.0,5084.0,60.0,554.0,7686.0,7318.0,7109.0,62.0,1537.0,1039.0,793.0,127.0,0.0,0.0,0.0,8.0,38.0,72.0,105.0,501.0,125.0,103.0,1.0,15.0,4286.0,339.0,204.0,30.0,68.0,18.0,29.0,0.0,0.0,0.0,0.0,0.0,0.0,0.0,0.0
374.0,830.0,0.0,660.0,115.0,1.0,6.0,354.0,0.0,20.0,26.0,195.0,0.0,192.0,675.0,254.0,594.0,0.0,72.0,41.0,567.0,0.0,2.0,444.0,28.0,45.0,224.0,119.0,49.0,2.0,0.0,4.0,31.0,235.0,126.0,2155.0,10737.0,229.0,26.0,1104.0,5082.0,452.0,49.0,6.0,680.0,0.0,5.0,5598.0,135.0,867.0,209.0,0.0,0.0,118.0,174.0,54.0,0.0,3308.0,99.0,35.0,38.0,502.0,8.0,3.0,3.0,0.0,0.0,0.0,169.0,4131.0,133.0,133.0,0.0,0.0
1380.0,74.0,5.0,21.0,0.0,19.0,806.0,294.0,17.0,25.0,112.0,4.0,100.0,296.0,927.0,1332.0,411.0,0.0,88.0,64.0,15.0,1.0,280.0,423.0,179.0,139.0,175.0,44.0,34.0,12.0,27.0,6.0,113.0,2840.0,22.0,1506.0,809.0,53.0,112.0,2497.0,1352.0,852.0,34.0,45.0,215.0,3.0,3.0,0.0,3.0,0.0,28.0,1.0,0.0,5.0,238.0,62.0,8.0,0.0,1.0,315.0,98.0,36.0,5.0,14.0,30.0,10.0,0.0,0.0,0.0,0.0,0.0,0.0,0.0,0.0
6.0,1.0,0.0,1.0,0.0,0.0,1.0,4.0,0.0,1.0,0.0,2.0,0.0,1.0,0.0,4.0,2.0,1.0,2.0,1.0,0.0,0.0,0.0,8.0,0.0,0.0,5.0,0.0,0.0,0.0,0.0,0.0,1.0,9.0,0.0,8.0,3.0,1.0,0.0,4.0,16.0,6.0,0.0,0.0,3.0,0.0,0.0,0.0,0.0,1.0,0.0,0.0,0.0,0.0,0.0,0.0,2.0,0.0,0.0,1.0,1.0,2.0,0.0,0.0,0.0,0.0,0.0,0.0,0.0,0.0,0.0,0.0,0.0,0.0
555.0,88.0,0.0,1350.0,0.0,2.0,167.0,733.0,1.0,44.0,22.0,22.0,1.0,117.0,228.0,539.0,247.0,8.0,82.0,22.0,128.0,0.0,30.0,254.0,87.0,4.0,254.0,4.0,16.0,3.0,6.0,13.0,226.0,721.0,8.0,2022.0,185.0,233.0,22.0,879.0,928.0,424.0,16.0,23.0,20.0,0.0,17.0,18.0,0.0,0.0,187.0,2.0,5.0,9.0,113.0,113.0,1.0,43.0,1.0,75.0,0.0,7.0,1.0,2.0,0.0,1.0,0.0,0.0,11.0,0.0,0.0,0.0,0.0,0.0
218.0,1141.0,0.0,104.0,8.0,108.0,83.0,106.0,1.0,49.0,2.0,25.0,0.0,172.0,44.0,489.0,0.0,216.0,151.0,1.0,114.0,0.0,0.0,138.0,74.0,19.0,21.0,6.0,19.0,1.0,0.0,3.0,23.0,242.0,18.0,1583.0,1554.0,49.0,2.0,580.0,1018.0,122.0,19.0,3.0,108.0,0.0,0.0,1093.0,187.0,80.0,0.0,0.0,0.0,47.0,46.0,0.0,0.0,398.0,0.0,2.0,28.0,47.0,15.0,0.0,0.0,0.0,0.0,0.0,5.0,111.0,0.0,0.0,0.0,0.0
19.0,167.0,0.0,7.0,13.0,2.0,3.0,17.0,0.0,3.0,5.0,3.0,0.0,24.0,1.0,28.0,6.0,0.0,8.0,0.0,0.0,0.0,0.0,29.0,7.0,2.0,3.0,0.0,3.0,0.0,0.0,1.0,1.0,34.0,0.0,229.0,89.0,6.0,5.0,33.0,89.0,28.0,3.0,1.0,2.0,0.0,0.0,23.0,0.0,63.0,3.0,0.0,0.0,3.0,4.0,4.0,0.0,42.0,0.0,15.0,1.0,1.0,1.0,0.0,0.0,0.0,0.0,0.0,21.0,0.0,0.0,0.0,0.0,0.0
48.0,61.0,0.0,2.0,0.0,2.0,10.0,29.0,0.0,2.0,2.0,22.0,0.0,3.0,13.0,47.0,6.0,1.0,4.0,1.0,5.0,0.0,1.0,13.0,3.0,1.0,29.0,0.0,1.0,0.0,0.0,0.0,1.0,113.0,1.0,112.0,27.0,5.0,2.0,68.0,45.0,35.0,1.0,0.0,24.0,0.0,0.0,5.0,1.0,11.0,0.0,3.0,1.0,1.0,8.0,1.0,1.0,12.0,0.0,3.0,1.0,3.0,9.0,10.0,0.0,0.0,0.0,0.0,0.0,1.0,0.0,0.0,0.0,0.0
166.0,441.0,0.0,239.0,0.0,1.0,38.0,159.0,0.0,111.0,0.0,23.0,0.0,108.0,37.0,145.0,37.0,4.0,203.0,1.0,6.0,0.0,1.0,255.0,47.0,6.0,78.0,9.0,15.0,0.0,0.0,4.0,5.0,196.0,5.0,887.0,1196.0,208.0,0.0,196.0,681.0,186.0,15.0,4.0,50.0,0.0,0.0,288.0,483.0,48.0,93.0,4.0,0.0,15.0,14.0,18.0,7.0,150.0,0.0,44.0,3.0,25.0,16.0,0.0,0.0,0.0,0.0,0.0,40.0,340.0,45.0,45.0,0.0,0.0
302.0,117.0,0.0,631.0,0.0,9.0,44.0,338.0,0.0,0.0,5.0,11.0,0.0,97.0,96.0,257.0,156.0,1.0,198.0,31.0,18.0,0.0,6.0,161.0,58.0,0.0,164.0,0.0,10.0,7.0,0.0,11.0,42.0,739.0,10.0,1082.0,68.0,98.0,5.0,376.0,700.0,275.0,10.0,18.0,32.0,0.0,5.0,22.0,0.0,2.0,98.0,0.0,0.0,1.0,22.0,7.0,29.0,94.0,0.0,52.0,0.0,8.0,4.0,9.0,0.0,2.0,0.0,0.0,17.0,0.0,0.0,0.0,0.0,0.0
383.0,313.0,0.0,32.0,0.0,17.0,178.0,237.0,3.0,1.0,91.0,8.0,1.0,75.0,22.0,770.0,133.0,2.0,52.0,60.0,11.0,1.0,26.0,253.0,186.0,16.0,395.0,22.0,193.0,9.0,1.0,37.0,104.0,763.0,73.0,764.0,188.0,10.0,91.0,808.0,574.0,1103.0,193.0,47.0,503.0,0.0,18.0,8.0,1.0,2.0,9.0,0.0,20.0,8.0,15.0,17.0,18.0,0.0,1.0,483.0,53.0,19.0,161.0,85.0,22.0,90.0,2.0,0.0,0.0,0.0,0.0,0.0,0.0,0.0
1095.0,21.0,1.0,3.0,0.0,4.0,462.0,190.0,0.0,4.0,3.0,6.0,2.0,199.0,148.0,572.0,105.0,14.0,32.0,106.0,12.0,1.0,60.0,232.0,49.0,1.0,237.0,13.0,15.0,8.0,65.0,127.0,124.0,1583.0,27.0,1141.0,462.0,31.0,3.0,785.0,581.0,647.0,15.0,200.0,51.0,14.0,5.0,0.0,0.0,0.0,6.0,22.0,0.0,3.0,64.0,12.0,4.0,4.0,13.0,348.0,10.0,10.0,2.0,1.0,0.0,1.0,0.0,0.0,0.0,0.0,0.0,0.0,0.0,0.0
24.0,1.0,0.0,0.0,0.0,0.0,11.0,12.0,0.0,0.0,1.0,0.0,0.0,3.0,5.0,17.0,12.0,0.0,3.0,10.0,1.0,0.0,3.0,10.0,4.0,7.0,9.0,3.0,1.0,2.0,3.0,0.0,3.0,75.0,2.0,27.0,11.0,0.0,1.0,23.0,44.0,31.0,1.0,5.0,30.0,0.0,2.0,0.0,0.0,0.0,0.0,0.0,0.0,0.0,2.0,1.0,0.0,3.0,0.0,7.0,9.0,14.0,0.0,6.0,0.0,0.0,0.0,0.0,0.0,0.0,0.0,0.0,0.0,0.0
75833.0,87006.0,835.0,7876.0,9810.0,0.0,30546.0,26135.0,31.0,12596.0,1954.0,7987.0,1.0,10851.0,16195.0,78012.0,5800.0,753.0,22023.0,1901.0,1571.0,311.0,2000.0,33815.0,1017.0,725.0,2352.0,171.0,475.0,3789.0,1.0,51.0,3231.0,105807.0,4354.0,185884.0,38553.0,18030.0,1954.0,111082.0,70562.0,4619.0,475.0,3841.0,6310.0,0.0,45.0,6933.0,1074.0,0.0,3806.0,1628.0,484.0,445.0,16874.0,2131.0,257.0,0.0,1018.0,354.0,375.0,676.0,487.0,407.0,1.0,10.0,0.0,0.0,4481.0,0.0,11948.0,11948.0,0.0,0.0
6360.0,33637.0,0.0,8820.0,18.0,0.0,1054.0,3872.0,2.0,24.0,148.0,4611.0,0.0,2554.0,890.0,8303.0,1425.0,0.0,4753.0,141.0,1362.0,29.0,47.0,6822.0,647.0,115.0,1874.0,3.0,453.0,23.0,14.0,91.0,1220.0,3704.0,2251.0,48845.0,15042.0,277.0,148.0,10081.0,14587.0,3385.0,453.0,128.0,7039.0,0.0,10.0,11735.0,1902.0,351.0,246.0,7.0,279.0,1081.0,888.0,5.0,2.0,0.0,18.0,746.0,1126.0,2896.0,136.0,490.0,116.0,24.0,0.0,0.0,0.0,0.0,0.0,0.0,0.0,0.0
11873.0,2320.0,38.0,184.0,0.0,0.0,3922.0,2168.0,74.0,422.0,907.0,15.0,22.0,922.0,4600.0,13225.0,1863.0,39.0,676.0,1437.0,72.0,941.0,1469.0,3420.0,277.0,286.0,1965.0,18.0,99.0,206.0,1.0,18.0,597.0,3616.0,390.0,14415.0,3922.0,788.0,907.0,19623.0,10312.0,2546.0,99.0,225.0,772.0,0.0,0.0,0.0,0.0,0.0,178.0,188.0,0.0,34.0,1799.0,316.0,79.0,0.0,5.0,0.0,74.0,269.0,26.0,11.0,3.0,0.0,0.0,0.0,0.0,0.0,0.0,0.0,0.0,0.0
4608.0,1369.0,155.0,10.0,0.0,0.0,603.0,610.0,1.0,62.0,9.0,2.0,22.0,512.0,1109.0,2556.0,272.0,0.0,71.0,104.0,0.0,230.0,243.0,572.0,100.0,62.0,501.0,2.0,14.0,6.0,0.0,6.0,332.0,749.0,75.0,6142.0,603.0,97.0,9.0,3874.0,1552.0,664.0,14.0,12.0,111.0,0.0,0.0,0.0,0.0,0.0,22.0,14.0,0.0,0.0,209.0,56.0,5.0,0.0,0.0,0.0,28.0,5.0,2.0,1.0,0.0,0.0,0.0,0.0,0.0,0.0,0.0,0.0,0.0,0.0
500.0,14.0,3.0,43.0,0.0,5.0,435.0,128.0,3.0,0.0,15.0,2.0,3.0,65.0,59.0,340.0,441.0,44.0,53.0,46.0,12.0,0.0,32.0,79.0,103.0,19.0,121.0,7.0,15.0,14.0,25.0,20.0,41.0,1350.0,5.0,583.0,435.0,15.0,15.0,435.0,734.0,401.0,15.0,59.0,102.0,1.0,18.0,0.0,0.0,0.0,12.0,3.0,1.0,4.0,35.0,9.0,7.0,11.0,0.0,150.0,48.0,27.0,0.0,14.0,0.0,7.0,0.0,0.0,0.0,0.0,0.0,0.0,0.0,0.0
857.0,130.0,4.0,114.0,0.0,1.0,309.0,189.0,4.0,70.0,45.0,7.0,10.0,214.0,401.0,855.0,60.0,3.0,135.0,134.0,6.0,18.0,129.0,330.0,223.0,14.0,483.0,0.0,50.0,7.0,0.0,6.0,88.0,1497.0,67.0,1117.0,322.0,78.0,45.0,1347.0,919.0,736.0,50.0,12.0,180.0,0.0,10.0,0.0,13.0,0.0,5.0,3.0,1.0,15.0,91.0,68.0,35.0,0.0,1.0,15.0,42.0,60.0,2.0,5.0,1.0,2.0,0.0,0.0,0.0,0.0,0.0,0.0,0.0,0.0
8927.0,350.0,16.0,258.0,0.0,72.0,2327.0,1866.0,16.0,134.0,442.0,18.0,223.0,1685.0,1629.0,5881.0,2354.0,6.0,595.0,1017.0,196.0,6.0,1422.0,2528.0,1135.0,56.0,1135.0,343.0,146.0,173.0,180.0,351.0,814.0,15057.0,187.0,9647.0,2344.0,341.0,442.0,7860.0,8526.0,5125.0,146.0,704.0,1529.0,6.0,18.0,0.0,16.0,0.0,119.0,89.0,1.0,23.0,350.0,342.0,47.0,13.0,2.0,2457.0,428.0,271.0,65.0,120.0,184.0,275.0,27.0,0.0,0.0,1.0,0.0,0.0,0.0,0.0
197.0,65.0,1.0,20.0,0.0,1.0,32.0,124.0,1.0,2.0,2.0,35.0,0.0,28.0,31.0,242.0,83.0,1.0,35.0,4.0,20.0,0.0,4.0,49.0,11.0,4.0,146.0,0.0,10.0,1.0,0.0,8.0,6.0,254.0,2.0,288.0,217.0,9.0,2.0,282.0,292.0,172.0,10.0,9.0,67.0,0.0,5.0,6.0,36.0,23.0,6.0,1.0,0.0,3.0,9.0,27.0,40.0,28.0,16.0,11.0,0.0,24.0,35.0,2.0,0.0,4.0,0.0,0.0,0.0,120.0,0.0,0.0,0.0,0.0
5727.0,7609.0,69.0,1171.0,8.0,84.0,2664.0,2056.0,42.0,8.0,239.0,12.0,4.0,1939.0,1279.0,10425.0,1529.0,223.0,809.0,2056.0,231.0,1.0,260.0,1290.0,1164.0,18.0,2469.0,15.0,348.0,73.0,0.0,67.0,2435.0,9162.0,636.0,14424.0,3914.0,197.0,239.0,13006.0,6720.0,6287.0,348.0,171.0,6179.0,1.0,-246.0,11.0,884.0,224.0,174.0,15.0,933.0,90.0,1301.0,56.0,263.0,0.0,14.0,2621.0,928.0,1659.0,731.0,906.0,500.0,819.0,34.0,117.0,0.0,132.0,0.0,0.0,0.0,0.0
995.0,143.0,3.0,19.0,0.0,1.0,151.0,334.0,1.0,55.0,15.0,5.0,26.0,161.0,173.0,633.0,79.0,8.0,50.0,80.0,2.0,19.0,38.0,77.0,41.0,41.0,243.0,1.0,8.0,2.0,3.0,3.0,28.0,565.0,1.0,1161.0,151.0,58.0,15.0,848.0,418.0,326.0,8.0,8.0,38.0,0.0,0.0,0.0,0.0,0.0,2.0,1.0,0.0,10.0,42.0,29.0,7.0,29.0,0.0,0.0,2.0,14.0,20.0,1.0,0.0,0.0,0.0,0.0,0.0,0.0,0.0,0.0,0.0,0.0
1518.0,120.0,120.0,14.0,6.0,35.0,1831.0,457.0,2.0,0.0,77.0,1.0,3.0,349.0,744.0,2298.0,129.0,2.0,41.0,689.0,9.0,9.0,104.0,492.0,384.0,157.0,302.0,101.0,85.0,23.0,16.0,23.0,136.0,4737.0,29.0,1876.0,1831.0,8.0,77.0,3242.0,1491.0,1115.0,85.0,61.0,88.0,13.0,51.0,0.0,0.0,0.0,0.0,8.0,1.0,7.0,200.0,5.0,5.0,6.0,1.0,170.0,9.0,40.0,8.0,1.0,0.0,1.0,0.0,0.0,0.0,0.0,0.0,0.0,0.0,0.0
1537.0,574.0,16.0,3380.0,42.0,0.0,1848.0,655.0,12.0,200.0,48.0,104.0,0.0,262.0,464.0,1677.0,113.0,103.0,1189.0,11.0,68.0,4.0,2.0,892.0,423.0,82.0,21.0,96.0,72.0,15.0,15.0,24.0,82.0,4207.0,183.0,5679.0,3989.0,679.0,48.0,2226.0,2430.0,635.0,72.0,55.0,190.0,0.0,2.0,1079.0,1035.0,17.0,465.0,14.0,9.0,25.0,85.0,17.0,3.0,28.0,3.0,13.0,3.0,2.0,2.0,0.0,0.0,0.0,0.0,0.0,126.0,9.0,1350.0,1350.0,0.0,0.0
5.0,7.0,0.0,0.0,0.0,0.0,0.0,4.0,0.0,0.0,0.0,13.0,0.0,1.0,0.0,6.0,1.0,0.0,6.0,0.0,0.0,0.0,0.0,2.0,0.0,0.0,2.0,0.0,0.0,0.0,0.0,0.0,0.0,1.0,0.0,12.0,11.0,0.0,0.0,6.0,9.0,3.0,0.0,0.0,7.0,0.0,0.0,0.0,0.0,11.0,0.0,0.0,0.0,0.0,0.0,0.0,0.0,0.0,0.0,1.0,2.0,5.0,0.0,0.0,0.0,0.0,0.0,0.0,0.0,0.0,0.0,0.0,0.0,0.0
326.0,148.0,0.0,20.0,0.0,1.0,219.0,115.0,1.0,26.0,17.0,9.0,5.0,57.0,160.0,475.0,108.0,3.0,43.0,33.0,16.0,34.0,19.0,98.0,44.0,53.0,181.0,2.0,14.0,9.0,1.0,0.0,42.0,531.0,9.0,495.0,221.0,28.0,17.0,752.0,367.0,279.0,14.0,10.0,47.0,0.0,0.0,1.0,1.0,0.0,1.0,0.0,0.0,0.0,117.0,10.0,3.0,0.0,1.0,0.0,10.0,16.0,6.0,6.0,0.0,0.0,0.0,0.0,0.0,0.0,2.0,2.0,0.0,0.0
716.0,41.0,6.0,145.0,0.0,6.0,551.0,172.0,1.0,0.0,11.0,0.0,0.0,36.0,199.0,522.0,15.0,0.0,6.0,96.0,0.0,0.0,2.0,41.0,83.0,48.0,13.0,9.0,18.0,1.0,1.0,6.0,26.0,1170.0,1.0,916.0,551.0,30.0,11.0,839.0,162.0,178.0,18.0,8.0,13.0,1.0,1.0,0.0,0.0,0.0,26.0,3.0,0.0,0.0,118.0,1.0,0.0,0.0,1.0,25.0,0.0,9.0,3.0,0.0,0.0,0.0,0.0,0.0,0.0,0.0,0.0,0.0,0.0,0.0
13.0,1077.0,0.0,105.0,0.0,2.0,23.0,30.0,0.0,16.0,0.0,0.0,0.0,13.0,0.0,1425.0,80.0,0.0,384.0,1.0,35.0,0.0,0.0,48.0,49.0,2.0,28.0,0.0,12.0,0.0,0.0,6.0,14.0,20.0,130.0,1196.0,289.0,20.0,0.0,1425.0,558.0,143.0,12.0,6.0,134.0,0.0,0.0,218.0,48.0,0.0,4.0,0.0,6.0,15.0,0.0,4.0,6.0,0.0,12.0,63.0,0.0,3.0,2.0,0.0,0.0,0.0,0.0,0.0,0.0,0.0,165.0,165.0,0.0,0.0
148.0,5.0,48.0,0.0,0.0,2.0,239.0,62.0,2.0,0.0,7.0,0.0,2.0,26.0,26.0,190.0,21.0,1.0,12.0,14.0,3.0,0.0,10.0,29.0,10.0,1.0,42.0,0.0,13.0,3.0,38.0,13.0,29.0,357.0,6.0,251.0,239.0,0.0,7.0,232.0,98.0,125.0,13.0,54.0,49.0,38.0,10.0,0.0,0.0,0.0,0.0,0.0,0.0,1.0,16.0,3.0,3.0,1.0,0.0,72.0,5.0,21.0,11.0,3.0,0.0,1.0,0.0,0.0,0.0,0.0,0.0,0.0,0.0,0.0
577.0,52.0,6.0,2.0,0.0,0.0,212.0,190.0,2.0,36.0,64.0,2.0,21.0,86.0,339.0,518.0,68.0,0.0,69.0,63.0,17.0,8.0,44.0,149.0,73.0,11.0,98.0,0.0,7.0,6.0,3.0,2.0,18.0,552.0,3.0,638.0,215.0,46.0,64.0,927.0,512.0,191.0,7.0,11.0,51.0,0.0,0.0,0.0,2.0,1.0,6.0,4.0,0.0,5.0,70.0,73.0,8.0,12.0,0.0,8.0,2.0,14.0,23.0,6.0,0.0,2.0,0.0,0.0,0.0,0.0,0.0,0.0,0.0,0.0
109.0,8.0,1.0,329.0,0.0,2.0,117.0,30.0,0.0,0.0,0.0,0.0,0.0,2.0,3.0,36.0,3.0,0.0,0.0,3.0,0.0,0.0,0.0,52.0,12.0,7.0,21.0,6.0,3.0,0.0,0.0,1.0,2.0,53.0,0.0,469.0,117.0,16.0,0.0,38.0,59.0,51.0,3.0,1.0,2.0,0.0,0.0,0.0,0.0,0.0,13.0,3.0,0.0,0.0,0.0,0.0,0.0,0.0,0.0,4.0,0.0,1.0,0.0,0.0,0.0,0.0,0.0,0.0,20.0,0.0,0.0,0.0,0.0,0.0
47.0,407.0,0.0,0.0,0.0,0.0,1.0,22.0,0.0,6.0,3.0,6.0,0.0,72.0,7.0,109.0,8.0,0.0,121.0,0.0,8.0,0.0,0.0,4.0,3.0,2.0,38.0,9.0,4.0,0.0,0.0,1.0,9.0,13.0,2.0,455.0,586.0,6.0,3.0,116.0,187.0,70.0,4.0,1.0,18.0,0.0,1.0,520.0,21.0,25.0,0.0,0.0,3.0,3.0,0.0,0.0,0.0,44.0,0.0,17.0,4.0,7.0,5.0,0.0,0.0,0.0,0.0,0.0,0.0,19.0,40.0,40.0,0.0,0.0
367.0,9.0,24.0,2.0,0.0,2.0,289.0,100.0,2.0,0.0,4.0,1.0,2.0,23.0,56.0,235.0,48.0,0.0,18.0,23.0,4.0,0.0,9.0,30.0,14.0,1.0,81.0,1.0,11.0,8.0,16.0,10.0,40.0,891.0,13.0,456.0,289.0,11.0,4.0,329.0,148.0,234.0,11.0,34.0,132.0,43.0,9.0,0.0,0.0,0.0,0.0,11.0,0.0,2.0,38.0,5.0,7.0,3.0,0.0,138.0,19.0,96.0,0.0,2.0,0.0,2.0,1.0,0.0,0.0,0.0,0.0,0.0,0.0,0.0
55.0,2.0,1.0,2.0,0.0,3.0,30.0,7.0,0.0,0.0,0.0,0.0,1.0,6.0,12.0,42.0,56.0,1.0,4.0,14.0,2.0,0.0,1.0,27.0,16.0,1.0,11.0,1.0,2.0,1.0,2.0,1.0,8.0,135.0,4.0,65.0,30.0,1.0,0.0,57.0,106.0,52.0,2.0,4.0,18.0,1.0,1.0,0.0,0.0,0.0,0.0,0.0,0.0,0.0,3.0,1.0,1.0,1.0,0.0,23.0,4.0,2.0,1.0,3.0,0.0,2.0,0.0,0.0,0.0,0.0,0.0,0.0,0.0,0.0
32.0,21.0,0.0,0.0,0.0,1.0,8.0,9.0,0.0,2.0,3.0,0.0,0.0,8.0,3.0,54.0,14.0,0.0,3.0,2.0,2.0,0.0,1.0,16.0,6.0,0.0,21.0,0.0,3.0,0.0,1.0,1.0,8.0,21.0,7.0,54.0,15.0,2.0,3.0,59.0,39.0,68.0,3.0,2.0,31.0,0.0,0.0,3.0,0.0,3.0,1.0,0.0,1.0,1.0,2.0,1.0,0.0,0.0,0.0,40.0,1.0,1.0,10.0,5.0,1.0,6.0,0.0,0.0,0.0,0.0,1.0,1.0,0.0,0.0
206.0,2350.0,0.0,412.0,0.0,1.0,129.0,155.0,4.0,10.0,6.0,34.0,0.0,52.0,36.0,347.0,84.0,0.0,319.0,8.0,72.0,0.0,0.0,549.0,172.0,13.0,72.0,8.0,44.0,0.0,0.0,10.0,16.0,569.0,34.0,2972.0,3595.0,94.0,6.0,389.0,1049.0,324.0,44.0,10.0,105.0,0.0,0.0,2843.0,500.0,122.0,70.0,13.0,0.0,2.0,7.0,4.0,11.0,0.0,2.0,59.0,6.0,31.0,30.0,3.0,0.0,0.0,1.0,0.0,2.0,0.0,114.0,114.0,0.0,0.0
193.0,78.0,1.0,2115.0,37.0,0.0,2155.0,135.0,0.0,174.0,2.0,0.0,0.0,51.0,37.0,271.0,1.0,8.0,348.0,1.0,0.0,0.0,0.0,327.0,38.0,34.0,23.0,0.0,23.0,0.0,0.0,14.0,18.0,131.0,116.0,2458.0,3409.0,246.0,2.0,358.0,1020.0,184.0,23.0,14.0,120.0,0.0,0.0,1254.0,0.0,0.0,67.0,4.0,29.0,81.0,49.0,0.0,0.0,335.0,2.0,89.0,0.0,0.0,4.0,0.0,0.0,0.0,0.0,0.0,36.0,0.0,0.0,0.0,0.0,0.0
1517.0,2415.0,1.0,470.0,0.0,32.0,326.0,1276.0,1.0,30.0,58.0,130.0,0.0,494.0,189.0,1507.0,195.0,5.0,225.0,104.0,216.0,18.0,59.0,499.0,194.0,28.0,1219.0,1.0,120.0,10.0,1.0,21.0,492.0,751.0,218.0,4461.0,443.0,91.0,58.0,2093.0,1346.0,1672.0,120.0,33.0,1752.0,0.0,26.0,61.0,26.0,29.0,40.0,22.0,1.0,28.0,397.0,17.0,8.0,0.0,47.0,231.0,360.0,566.0,325.0,165.0,75.0,43.0,8.0,0.0,0.0,2.0,0.0,0.0,0.0,0.0
27.0,18.0,0.0,0.0,0.0,0.0,5.0,10.0,0.0,1.0,5.0,1.0,0.0,1.0,6.0,18.0,15.0,1.0,1.0,12.0,5.0,0.0,1.0,18.0,3.0,0.0,6.0,1.0,0.0,1.0,0.0,0.0,4.0,38.0,0.0,45.0,8.0,1.0,5.0,31.0,54.0,11.0,0.0,1.0,64.0,0.0,0.0,0.0,0.0,2.0,0.0,0.0,0.0,0.0,7.0,1.0,0.0,0.0,0.0,0.0,0.0,56.0,5.0,1.0,0.0,0.0,0.0,0.0,0.0,0.0,0.0,0.0,0.0,0.0
191.0,872.0,0.0,582.0,865.0,18.0,100.0,157.0,0.0,282.0,1.0,1.0,0.0,121.0,65.0,752.0,26.0,0.0,183.0,2.0,1.0,0.0,0.0,200.0,152.0,131.0,47.0,45.0,55.0,0.0,0.0,16.0,14.0,1510.0,94.0,3289.0,448.0,287.0,1.0,866.0,439.0,379.0,55.0,16.0,118.0,0.0,0.0,21.0,238.0,16.0,5.0,0.0,2.0,22.0,49.0,26.0,0.0,0.0,4.0,3.0,1.0,4.0,18.0,0.0,0.0,0.0,0.0,0.0,760.0,74.0,0.0,0.0,0.0,0.0
60.0,2.0,0.0,2.0,0.0,0.0,21.0,21.0,0.0,1.0,2.0,0.0,1.0,4.0,16.0,64.0,9.0,5.0,3.0,4.0,1.0,0.0,2.0,7.0,8.0,1.0,11.0,2.0,1.0,0.0,0.0,3.0,5.0,82.0,1.0,65.0,21.0,2.0,2.0,87.0,33.0,37.0,1.0,4.0,14.0,0.0,1.0,0.0,0.0,0.0,1.0,0.0,0.0,1.0,6.0,1.0,0.0,0.0,0.0,15.0,1.0,7.0,1.0,1.0,1.0,2.0,0.0,0.0,0.0,0.0,0.0,0.0,0.0,0.0
392.0,188.0,2.0,12.0,2.0,2.0,27.0,137.0,0.0,31.0,0.0,0.0,0.0,51.0,13.0,77.0,1.0,1.0,4.0,4.0,1.0,20.0,0.0,9.0,25.0,46.0,22.0,25.0,15.0,2.0,1.0,2.0,8.0,626.0,15.0,669.0,32.0,54.0,0.0,132.0,44.0,118.0,15.0,5.0,35.0,0.0,0.0,0.0,2.0,0.0,12.0,11.0,0.0,0.0,43.0,5.0,0.0,0.0,0.0,0.0,2.0,14.0,4.0,0.0,0.0,0.0,0.0,0.0,70.0,3.0,0.0,0.0,0.0,0.0
142.0,57.0,2.0,4.0,0.0,0.0,24.0,43.0,0.0,8.0,1.0,4.0,0.0,24.0,18.0,56.0,10.0,2.0,8.0,21.0,14.0,0.0,3.0,22.0,7.0,5.0,48.0,1.0,2.0,1.0,1.0,0.0,8.0,146.0,1.0,205.0,26.0,13.0,1.0,89.0,83.0,67.0,2.0,2.0,29.0,0.0,0.0,0.0,1.0,0.0,1.0,4.0,0.0,2.0,15.0,1.0,2.0,0.0,0.0,5.0,5.0,15.0,4.0,3.0,2.0,0.0,0.0,0.0,0.0,0.0,0.0,0.0,0.0,0.0
4308.0,690.0,1.0,14232.0,0.0,195.0,1818.0,4592.0,23.0,230.0,153.0,23.0,33.0,1381.0,1793.0,4159.0,4099.0,18.0,1506.0,1075.0,662.0,5.0,308.0,3850.0,1876.0,109.0,3685.0,80.0,623.0,57.0,6.0,303.0,2243.0,13685.0,151.0,19506.0,2014.0,1516.0,153.0,6834.0,13143.0,7613.0,623.0,366.0,1280.0,0.0,80.0,16.0,40.0,140.0,1269.0,16.0,2.0,154.0,882.0,1307.0,310.0,2.0,59.0,1864.0,111.0,446.0,217.0,201.0,39.0,114.0,19.0,0.0,0.0,0.0,56.0,56.0,0.0,0.0
167.0,10.0,12.0,320.0,0.0,0.0,188.0,62.0,2.0,0.0,4.0,0.0,2.0,44.0,51.0,210.0,13.0,0.0,10.0,14.0,1.0,0.0,110.0,40.0,5.0,1.0,63.0,1.0,11.0,4.0,1.0,14.0,34.0,541.0,14.0,516.0,188.0,3.0,4.0,313.0,194.0,139.0,11.0,19.0,45.0,3.0,3.0,0.0,0.0,0.0,0.0,3.0,0.0,1.0,52.0,3.0,2.0,0.0,0.0,69.0,7.0,18.0,6.0,1.0,0.0,0.0,0.0,0.0,0.0,0.0,0.0,0.0,0.0,0.0
354.0,22.0,7.0,0.0,0.0,2.0,138.0,35.0,0.0,1.0,4.0,0.0,0.0,19.0,10.0,119.0,40.0,0.0,3.0,21.0,0.0,0.0,2.0,19.0,57.0,130.0,9.0,34.0,29.0,1.0,0.0,10.0,6.0,397.0,0.0,386.0,144.0,1.0,4.0,154.0,85.0,230.0,29.0,11.0,2.0,1.0,0.0,6.0,0.0,0.0,0.0,0.0,0.0,0.0,25.0,0.0,0.0,0.0,0.0,1.0,0.0,0.0,1.0,0.0,0.0,0.0,0.0,0.0,0.0,0.0,0.0,0.0,0.0,0.0
76.0,1.0,0.0,3.0,0.0,1.0,74.0,13.0,1.0,0.0,2.0,0.0,2.0,5.0,29.0,113.0,18.0,0.0,8.0,13.0,1.0,0.0,7.0,36.0,8.0,2.0,10.0,0.0,1.0,1.0,0.0,0.0,7.0,217.0,2.0,81.0,74.0,4.0,2.0,148.0,85.0,52.0,1.0,2.0,8.0,0.0,0.0,0.0,0.0,0.0,3.0,1.0,0.0,0.0,7.0,2.0,1.0,0.0,0.0,33.0,2.0,2.0,1.0,0.0,1.0,1.0,0.0,0.0,0.0,0.0,0.0,0.0,0.0,0.0
5932.0,36.0,1330.0,1192.0,6.0,1.0,1603.0,1296.0,7.0,159.0,106.0,3.0,22.0,396.0,778.0,2703.0,845.0,7.0,318.0,533.0,3.0,95.0,372.0,631.0,265.0,144.0,686.0,61.0,67.0,67.0,1.0,15.0,220.0,1805.0,20.0,8503.0,1629.0,203.0,106.0,4360.0,2816.0,1156.0,67.0,83.0,597.0,2.0,4.0,0.0,26.0,0.0,3.0,41.0,0.0,0.0,879.0,11.0,0.0,0.0,24.0,0.0,60.0,449.0,47.0,18.0,2.0,1.0,0.0,0.0,0.0,0.0,0.0,0.0,0.0,0.0
378.0,605.0,1.0,1410.0,44.0,7.0,208.0,287.0,1.0,226.0,48.0,13.0,0.0,226.0,213.0,186.0,46.0,1.0,345.0,2.0,48.0,0.0,1.0,217.0,27.0,23.0,36.0,1.0,17.0,0.0,0.0,9.0,44.0,124.0,72.0,2716.0,6867.0,362.0,48.0,480.0,673.0,220.0,17.0,10.0,208.0,0.0,0.0,5850.0,801.0,9.0,136.0,0.0,1.0,19.0,81.0,3.0,10.0,0.0,0.0,133.0,1.0,2.0,125.0,7.0,1.0,0.0,0.0,0.0,271.0,0.0,19.0,19.0,0.0,0.0
331.0,7073.0,0.0,206.0,24.0,13.0,532.0,31.0,0.0,544.0,116.0,412.0,0.0,427.0,0.0,3258.0,0.0,0.0,0.0,5.0,0.0,0.0,0.0,1239.0,263.0,48.0,1165.0,1.0,82.0,31.0,0.0,48.0,343.0,1677.0,1372.0,7725.0,1148.0,743.0,116.0,4337.0,2094.0,2079.0,82.0,78.0,2897.0,0.0,0.0,570.0,46.0,0.0,135.0,64.0,21.0,124.0,1079.0,0.0,0.0,850.0,122.0,602.0,1.0,15.0,1501.0,7.0,0.0,0.0,0.0,0.0,78.0,0.0,97.0,97.0,0.0,0.0
84.0,15.0,0.0,100.0,34.0,1.0,37.0,46.0,0.0,18.0,1.0,0.0,0.0,15.0,19.0,45.0,22.0,0.0,0.0,49.0,2.0,0.0,12.0,72.0,9.0,5.0,28.0,6.0,3.0,2.0,0.0,2.0,4.0,168.0,3.0,240.0,318.0,18.0,1.0,79.0,168.0,58.0,3.0,4.0,26.0,0.0,1.0,0.0,1.0,280.0,0.0,0.0,0.0,1.0,14.0,4.0,1.0,4.0,0.0,10.0,12.0,8.0,1.0,0.0,1.0,1.0,0.0,0.0,6.0,0.0,0.0,0.0,0.0,0.0
1403.0,2439.0,40.0,1207.0,267.0,16.0,2239.0,123.0,2.0,306.0,66.0,17.0,0.0,271.0,9.0,3082.0,118.0,17.0,183.0,87.0,10.0,2.0,14.0,1236.0,219.0,58.0,43.0,0.0,56.0,27.0,0.0,20.0,39.0,1448.0,52.0,5371.0,2373.0,353.0,66.0,3171.0,1700.0,339.0,56.0,47.0,60.0,0.0,0.0,2.0,0.0,132.0,27.0,21.0,0.0,1.0,81.0,33.0,0.0,0.0,25.0,19.0,0.0,0.0,7.0,0.0,0.0,0.0,0.0,0.0,0.0,0.0,1107.0,1107.0,0.0,0.0
1176.0,49.0,32.0,41.0,0.0,19.0,1522.0,710.0,10.0,7.0,114.0,21.0,8.0,244.0,418.0,1004.0,1464.0,0.0,101.0,551.0,72.0,1.0,238.0,328.0,296.0,16.0,401.0,178.0,14.0,21.0,1.0,64.0,235.0,5723.0,49.0,1489.0,1541.0,28.0,114.0,1446.0,2951.0,1500.0,14.0,86.0,370.0,148.0,24.0,0.0,15.0,1.0,6.0,15.0,2.0,19.0,23.0,38.0,139.0,19.0,5.0,609.0,165.0,98.0,0.0,40.0,5.0,13.0,4.0,0.0,0.0,3.0,0.0,0.0,0.0,0.0
21.0,4.0,0.0,0.0,0.0,0.0,8.0,5.0,0.0,0.0,1.0,6.0,0.0,4.0,1.0,14.0,11.0,0.0,1.0,8.0,1.0,0.0,1.0,8.0,4.0,1.0,11.0,0.0,1.0,1.0,2.0,0.0,2.0,28.0,0.0,26.0,14.0,0.0,1.0,15.0,31.0,21.0,1.0,3.0,7.0,0.0,0.0,1.0,1.0,0.0,0.0,0.0,0.0,0.0,0.0,0.0,1.0,0.0,0.0,5.0,0.0,3.0,1.0,1.0,0.0,1.0,0.0,0.0,0.0,5.0,0.0,0.0,0.0,0.0
347.0,41.0,2.0,20.0,0.0,17.0,243.0,228.0,9.0,6.0,27.0,10.0,1.0,38.0,115.0,468.0,55.0,12.0,56.0,74.0,15.0,1.0,41.0,166.0,101.0,85.0,158.0,12.0,23.0,42.0,1.0,20.0,45.0,618.0,9.0,442.0,266.0,16.0,27.0,584.0,446.0,457.0,23.0,63.0,112.0,0.0,15.0,3.0,15.0,5.0,7.0,3.0,2.0,10.0,0.0,5.0,2.0,18.0,0.0,100.0,42.0,40.0,0.0,10.0,1.0,9.0,1.0,0.0,0.0,0.0,0.0,0.0,0.0,0.0
171.0,263.0,0.0,417.0,0.0,0.0,38.0,224.0,0.0,0.0,0.0,5.0,0.0,58.0,30.0,36.0,34.0,1.0,2.0,89.0,54.0,0.0,2.0,28.0,29.0,0.0,130.0,3.0,11.0,1.0,0.0,6.0,30.0,518.0,1.0,871.0,134.0,130.0,0.0,87.0,238.0,182.0,11.0,7.0,29.0,0.0,11.0,66.0,0.0,29.0,130.0,0.0,0.0,14.0,20.0,0.0,0.0,26.0,0.0,21.0,1.0,20.0,1.0,3.0,0.0,4.0,0.0,0.0,9.0,1.0,0.0,0.0,0.0,0.0
85.0,235.0,6.0,67.0,2481.0,9.0,79.0,94.0,0.0,641.0,2.0,22.0,0.0,80.0,191.0,582.0,4.0,0.0,4.0,1.0,0.0,35.0,0.0,462.0,160.0,74.0,19.0,52.0,52.0,14.0,0.0,8.0,5.0,1051.0,46.0,3738.0,324.0,655.0,2.0,1038.0,507.0,307.0,52.0,22.0,48.0,0.0,0.0,145.0,91.0,9.0,13.0,1.0,0.0,121.0,266.0,0.0,1.0,0.0,2.0,2.0,0.0,1.0,1.0,0.0,0.0,0.0,0.0,0.0,854.0,0.0,0.0,0.0,0.0,0.0
3615.0,4901.0,1.0,5680.0,4249.0,72.0,805.0,1756.0,0.0,1992.0,850.0,118.0,0.0,1976.0,1738.0,7976.0,5.0,3230.0,0.0,14.0,1285.0,5.0,12.0,2555.0,404.0,472.0,301.0,165.0,167.0,18.0,0.0,60.0,600.0,1373.0,523.0,23843.0,43640.0,1992.0,850.0,11034.0,9886.0,1597.0,167.0,78.0,2810.0,0.0,5.0,20636.0,2415.0,1560.0,0.0,0.0,451.0,352.0,1320.0,0.0,0.0,2780.0,54.0,255.0,1253.0,954.0,54.0,21.0,1.0,4.0,0.0,0.0,5320.0,18225.0,42.0,42.0,0.0,0.0
221.0,6.0,0.0,48.0,0.0,0.0,125.0,76.0,1.0,2.0,9.0,0.0,7.0,35.0,95.0,292.0,25.0,0.0,3.0,15.0,1.0,0.0,94.0,50.0,16.0,2.0,40.0,1.0,9.0,7.0,0.0,7.0,13.0,333.0,2.0,279.0,125.0,10.0,9.0,428.0,207.0,80.0,9.0,14.0,12.0,1.0,3.0,0.0,0.0,0.0,6.0,2.0,1.0,3.0,41.0,4.0,1.0,13.0,5.0,22.0,4.0,5.0,1.0,0.0,0.0,0.0,0.0,0.0,0.0,0.0,0.0,0.0,0.0,0.0
490.0,22.0,38.0,0.0,0.0,0.0,267.0,142.0,2.0,2.0,24.0,3.0,2.0,88.0,78.0,301.0,264.0,2.0,77.0,171.0,14.0,1.0,43.0,123.0,100.0,27.0,106.0,6.0,10.0,16.0,36.0,25.0,58.0,1318.0,31.0,605.0,268.0,27.0,24.0,389.0,710.0,358.0,10.0,77.0,263.0,30.0,25.0,0.0,1.0,0.0,1.0,24.0,1.0,2.0,10.0,7.0,8.0,0.0,0.0,119.0,137.0,24.0,0.0,65.0,0.0,5.0,0.0,0.0,0.0,0.0,0.0,0.0,0.0,0.0
233.0,205.0,0.0,46.0,0.0,15.0,97.0,114.0,2.0,14.0,6.0,10.0,3.0,47.0,64.0,256.0,156.0,8.0,54.0,32.0,3.0,245.0,21.0,295.0,55.0,47.0,114.0,9.0,12.0,2.0,0.0,3.0,28.0,553.0,1.0,501.0,101.0,17.0,6.0,377.0,833.0,225.0,12.0,6.0,81.0,0.0,2.0,2.0,0.0,2.0,1.0,2.0,1.0,0.0,58.0,12.0,0.0,7.0,1.0,0.0,50.0,20.0,8.0,2.0,1.0,0.0,0.0,0.0,0.0,0.0,0.0,0.0,0.0,0.0
20696.0,2232.0,27.0,2649.0,131.0,0.0,2793.0,4752.0,3.0,798.0,139.0,45.0,0.0,2222.0,868.0,2409.0,1599.0,0.0,21.0,563.0,6.0,416.0,93.0,2567.0,1606.0,448.0,912.0,23.0,347.0,709.0,3.0,198.0,537.0,33356.0,249.0,25839.0,3291.0,1204.0,139.0,4798.0,5347.0,2989.0,347.0,910.0,350.0,0.0,0.0,3.0,15.0,481.0,190.0,216.0,0.0,13.0,1520.0,82.0,0.0,0.0,142.0,0.0,35.0,56.0,0.0,1.0,7.0,1.0,0.0,0.0,103.0,0.0,3375.0,3375.0,0.0,0.0
151.0,257.0,0.0,99.0,0.0,1.0,54.0,103.0,0.0,12.0,3.0,11.0,1.0,38.0,33.0,49.0,58.0,3.0,53.0,41.0,17.0,0.0,11.0,76.0,79.0,0.0,119.0,7.0,14.0,2.0,0.0,20.0,18.0,272.0,3.0,512.0,96.0,20.0,3.0,112.0,346.0,257.0,14.0,22.0,50.0,0.0,5.0,17.0,0.0,4.0,7.0,1.0,14.0,1.0,30.0,0.0,2.0,85.0,0.0,52.0,7.0,29.0,4.0,4.0,2.0,2.0,0.0,0.0,0.0,20.0,0.0,0.0,0.0,0.0
214.0,33.0,3.0,403.0,0.0,1.0,20.0,164.0,2.0,14.0,0.0,1.0,1.0,89.0,73.0,197.0,275.0,0.0,33.0,8.0,57.0,0.0,1.0,103.0,135.0,4.0,43.0,4.0,29.0,1.0,0.0,31.0,128.0,515.0,22.0,655.0,898.0,54.0,0.0,296.0,497.0,365.0,29.0,31.0,25.0,0.0,1.0,840.0,38.0,0.0,35.0,5.0,0.0,11.0,27.0,9.0,11.0,0.0,0.0,178.0,0.0,2.0,1.0,0.0,0.0,0.0,0.0,0.0,0.0,0.0,0.0,0.0,0.0,0.0
1705.0,1486.0,119.0,590.0,0.0,35.0,2506.0,631.0,2.0,131.0,9.0,37.0,31.0,217.0,175.0,1357.0,551.0,35.0,100.0,169.0,375.0,0.0,80.0,800.0,142.0,30.0,356.0,38.0,165.0,5.0,1.0,20.0,266.0,1888.0,59.0,3934.0,3826.0,261.0,9.0,2009.0,3591.0,684.0,165.0,26.0,672.0,0.0,0.0,871.0,213.0,236.0,63.0,67.0,48.0,11.0,477.0,160.0,4.0,1315.0,123.0,117.0,44.0,364.0,11.0,31.0,9.0,154.0,1.0,0.0,0.0,0.0,0.0,0.0,0.0,0.0
2275.0,11752.0,13.0,1979.0,0.0,8.0,220.0,2035.0,0.0,39.0,159.0,416.0,1.0,476.0,296.0,5837.0,142.0,164.0,4687.0,120.0,1066.0,0.0,37.0,4147.0,400.0,55.0,1171.0,17.0,213.0,16.0,2.0,267.0,395.0,1541.0,772.0,16044.0,3101.0,145.0,159.0,6265.0,10400.0,3454.0,213.0,285.0,3108.0,0.0,17.0,2289.0,475.0,107.0,72.0,34.0,3.0,45.0,132.0,3.0,34.0,0.0,0.0,1811.0,417.0,1590.0,26.0,133.0,67.0,102.0,1.0,0.0,0.0,10.0,10.0,10.0,0.0,0.0
4159.0,36.0,249.0,0.0,0.0,88.0,3974.0,1664.0,5.0,4.0,73.0,35.0,10.0,550.0,981.0,2698.0,347.0,27.0,76.0,662.0,37.0,1.0,148.0,829.0,89.0,1.0,1048.0,5.0,102.0,152.0,277.0,204.0,288.0,7849.0,76.0,5829.0,3976.0,70.0,73.0,4117.0,2300.0,2908.0,102.0,633.0,406.0,1239.0,57.0,0.0,1.0,0.0,30.0,37.0,2.0,12.0,437.0,83.0,76.0,14.0,4.0,1765.0,158.0,167.0,0.0,3.0,0.0,2.0,0.0,0.0,0.0,0.0,0.0,0.0,0.0,0.0
1000.0,158.0,18.0,187.0,0.0,7.0,738.0,251.0,10.0,18.0,39.0,9.0,13.0,208.0,232.0,1218.0,398.0,0.0,136.0,281.0,55.0,0.0,50.0,368.0,174.0,25.0,320.0,16.0,49.0,23.0,19.0,100.0,96.0,2175.0,34.0,1424.0,745.0,40.0,39.0,1613.0,1329.0,937.0,49.0,144.0,570.0,43.0,12.0,0.0,4.0,0.0,18.0,5.0,0.0,3.0,163.0,24.0,11.0,4.0,1.0,402.0,355.0,76.0,17.0,20.0,24.0,45.0,0.0,0.0,0.0,2.0,0.0,0.0,0.0,0.0
2926.0,56.0,29.0,878.0,0.0,25.0,2159.0,485.0,17.0,2.0,30.0,4.0,28.0,283.0,859.0,2606.0,169.0,6.0,40.0,474.0,11.0,1.0,190.0,653.0,104.0,74.0,334.0,11.0,68.0,14.0,2.0,75.0,281.0,5171.0,51.0,3943.0,2159.0,43.0,30.0,3888.0,1653.0,1072.0,68.0,91.0,135.0,24.0,5.0,0.0,0.0,0.0,38.0,4.0,0.0,9.0,423.0,37.0,26.0,47.0,49.0,549.0,14.0,55.0,11.0,1.0,0.0,1.0,0.0,0.0,0.0,0.0,0.0,0.0,0.0,0.0
18710.0,673.0,148.0,58.0,188.0,15.0,16178.0,6164.0,69.0,1.0,137.0,63.0,135.0,1964.0,3906.0,10154.0,1620.0,20.0,1290.0,3348.0,163.0,21.0,188.0,3181.0,2425.0,200.0,3928.0,468.0,703.0,369.0,360.0,456.0,2204.0,23364.0,980.0,21140.0,16178.0,261.0,137.0,16217.0,10233.0,10687.0,703.0,1184.0,3275.0,1090.0,257.0,0.0,0.0,0.0,0.0,260.0,7.0,95.0,2158.0,210.0,190.0,0.0,6.0,3665.0,1085.0,908.0,0.0,113.0,110.0,79.0,1.0,0.0,2.0,0.0,0.0,0.0,0.0,0.0
134.0,102.0,1.0,169.0,9.0,0.0,1173.0,60.0,0.0,0.0,0.0,0.0,0.0,27.0,127.0,514.0,10.0,0.0,3292.0,1.0,82.0,0.0,0.0,283.0,30.0,23.0,16.0,17.0,11.0,1.0,0.0,2.0,2.0,85.0,17.0,531.0,3474.0,427.0,0.0,656.0,3680.0,94.0,11.0,4.0,46.0,0.0,0.0,1129.0,1017.0,84.0,402.0,25.0,23.0,7.0,15.0,13.0,0.0,0.0,0.0,9.0,0.0,2.0,26.0,0.0,0.0,0.0,0.0,0.0,117.0,71.0,0.0,0.0,0.0,0.0
3.0,1.0,0.0,0.0,0.0,0.0,1.0,2.0,0.0,0.0,0.0,1.0,0.0,1.0,0.0,1.0,1.0,0.0,0.0,0.0,0.0,0.0,0.0,3.0,1.0,0.0,3.0,0.0,0.0,0.0,0.0,0.0,0.0,5.0,0.0,5.0,2.0,0.0,0.0,1.0,4.0,4.0,0.0,0.0,2.0,0.0,0.0,0.0,0.0,0.0,0.0,0.0,0.0,0.0,0.0,0.0,0.0,0.0,0.0,0.0,0.0,0.0,1.0,0.0,0.0,0.0,0.0,0.0,0.0,0.0,0.0,0.0,0.0,0.0
17.0,2.0,0.0,1.0,0.0,0.0,2.0,7.0,0.0,1.0,0.0,1.0,0.0,1.0,0.0,4.0,3.0,0.0,3.0,0.0,0.0,0.0,0.0,7.0,1.0,0.0,13.0,0.0,1.0,0.0,0.0,0.0,1.0,15.0,0.0,19.0,6.0,2.0,0.0,6.0,16.0,18.0,1.0,1.0,4.0,0.0,0.0,1.0,1.0,1.0,0.0,1.0,0.0,0.0,1.0,0.0,1.0,1.0,0.0,4.0,0.0,2.0,1.0,0.0,0.0,0.0,0.0,0.0,0.0,1.0,0.0,0.0,0.0,0.0
8.0,4.0,0.0,1.0,0.0,0.0,1.0,5.0,0.0,1.0,0.0,0.0,0.0,1.0,0.0,4.0,6.0,0.0,3.0,2.0,0.0,0.0,0.0,6.0,1.0,0.0,8.0,0.0,0.0,0.0,0.0,0.0,1.0,10.0,0.0,13.0,8.0,1.0,0.0,5.0,20.0,10.0,0.0,0.0,2.0,0.0,0.0,0.0,1.0,5.0,0.0,0.0,0.0,0.0,0.0,1.0,0.0,2.0,0.0,1.0,0.0,1.0,1.0,0.0,0.0,0.0,0.0,0.0,0.0,1.0,0.0,0.0,0.0,0.0
12.0,1.0,0.0,0.0,0.0,0.0,2.0,6.0,0.0,0.0,0.0,32.0,0.0,2.0,0.0,4.0,0.0,1.0,15.0,1.0,4.0,0.0,0.0,16.0,2.0,1.0,12.0,0.0,0.0,0.0,0.0,1.0,0.0,10.0,0.0,13.0,25.0,0.0,0.0,5.0,38.0,19.0,0.0,1.0,8.0,0.0,0.0,0.0,0.0,20.0,0.0,0.0,0.0,0.0,1.0,1.0,0.0,0.0,0.0,4.0,0.0,6.0,1.0,0.0,0.0,1.0,0.0,0.0,0.0,2.0,0.0,0.0,0.0,0.0
11.0,7.0,1.0,1.0,0.0,0.0,0.0,2.0,0.0,0.0,0.0,26.0,0.0,2.0,1.0,1.0,0.0,0.0,37.0,0.0,0.0,0.0,0.0,5.0,0.0,0.0,2.0,0.0,0.0,0.0,0.0,0.0,1.0,4.0,0.0,20.0,9.0,1.0,0.0,3.0,43.0,3.0,0.0,0.0,5.0,0.0,0.0,1.0,0.0,6.0,1.0,0.0,0.0,0.0,1.0,0.0,0.0,0.0,0.0,1.0,1.0,3.0,1.0,0.0,0.0,0.0,0.0,0.0,0.0,2.0,0.0,0.0,0.0,0.0
2579.0,1039.0,0.0,599.0,14.0,86.0,670.0,895.0,13.0,159.0,79.0,23.0,17.0,579.0,848.0,1818.0,313.0,84.0,184.0,302.0,63.0,988.0,175.0,356.0,186.0,189.0,1414.0,49.0,109.0,53.0,69.0,17.0,155.0,2411.0,135.0,4439.0,680.0,177.0,79.0,3038.0,2638.0,1838.0,109.0,139.0,389.0,0.0,18.0,0.0,5.0,6.0,8.0,10.0,1.0,13.0,372.0,34.0,27.0,113.0,2.0,0.0,39.0,150.0,21.0,40.0,2.0,1.0,0.0,0.0,104.0,0.0,9.0,9.0,0.0,0.0
527.0,1022.0,0.0,365.0,417.0,2.0,78.0,238.0,3.0,37.0,12.0,34.0,1.0,239.0,155.0,284.0,54.0,0.0,47.0,11.0,7.0,2.0,2.0,148.0,83.0,45.0,65.0,17.0,24.0,1.0,0.0,7.0,23.0,238.0,35.0,2483.0,228.0,46.0,12.0,769.0,306.0,223.0,24.0,9.0,338.0,0.0,0.0,119.0,31.0,0.0,0.0,9.0,0.0,45.0,330.0,36.0,0.0,0.0,5.0,13.0,81.0,205.0,4.0,3.0,0.0,12.0,0.0,0.0,150.0,0.0,0.0,0.0,0.0,0.0
1007.0,12.0,10.0,219.0,0.0,18.0,383.0,255.0,5.0,1.0,24.0,2.0,1.0,54.0,183.0,764.0,85.0,2.0,47.0,223.0,2.0,0.0,18.0,646.0,67.0,34.0,101.0,0.0,89.0,3.0,1.0,21.0,85.0,1413.0,22.0,1277.0,383.0,56.0,24.0,1017.0,1045.0,507.0,89.0,25.0,55.0,10.0,1.0,0.0,0.0,0.0,23.0,33.0,0.0,7.0,70.0,16.0,4.0,0.0,3.0,305.0,10.0,19.0,3.0,0.0,2.0,0.0,0.0,0.0,0.0,0.0,0.0,0.0,0.0,0.0
53.0,629.0,0.0,28.0,36.0,8.0,2.0,33.0,1.0,63.0,6.0,4.0,0.0,88.0,29.0,300.0,0.0,94.0,0.0,0.0,0.0,0.0,0.0,94.0,12.0,4.0,30.0,11.0,4.0,0.0,0.0,3.0,12.0,43.0,22.0,773.0,888.0,69.0,6.0,347.0,231.0,65.0,4.0,3.0,197.0,0.0,0.0,726.0,158.0,3.0,0.0,5.0,0.0,28.0,17.0,0.0,0.0,42.0,4.0,7.0,48.0,120.0,6.0,1.0,0.0,1.0,0.0,0.0,18.0,0.0,0.0,0.0,0.0,0.0
674.0,16.0,24.0,0.0,0.0,0.0,284.0,186.0,6.0,3.0,15.0,4.0,2.0,63.0,42.0,256.0,87.0,2.0,35.0,56.0,5.0,1.0,62.0,42.0,28.0,1.0,82.0,9.0,8.0,14.0,8.0,67.0,87.0,780.0,11.0,753.0,285.0,7.0,15.0,330.0,316.0,294.0,8.0,89.0,47.0,34.0,5.0,0.0,0.0,0.0,1.0,3.0,0.0,5.0,32.0,12.0,6.0,8.0,1.0,173.0,18.0,15.0,2.0,1.0,0.0,0.0,0.0,0.0,0.0,0.0,0.0,0.0,0.0,0.0
214.0,8.0,4.0,68.0,0.0,3.0,110.0,50.0,3.0,0.0,10.0,2.0,1.0,30.0,24.0,128.0,30.0,4.0,25.0,72.0,3.0,0.0,43.0,64.0,38.0,2.0,49.0,1.0,7.0,5.0,18.0,9.0,19.0,487.0,5.0,303.0,114.0,4.0,10.0,166.0,243.0,148.0,7.0,32.0,22.0,5.0,1.0,0.0,0.0,4.0,2.0,2.0,2.0,1.0,15.0,0.0,2.0,0.0,1.0,58.0,5.0,6.0,1.0,1.0,3.0,1.0,0.0,0.0,0.0,0.0,0.0,0.0,0.0,0.0
14.0,36.0,0.0,0.0,0.0,0.0,0.0,2.0,0.0,6.0,0.0,40.0,0.0,2.0,0.0,7.0,1.0,0.0,0.0,0.0,0.0,0.0,0.0,28.0,3.0,0.0,2.0,0.0,0.0,0.0,0.0,0.0,1.0,6.0,0.0,50.0,187.0,6.0,0.0,8.0,29.0,8.0,0.0,1.0,19.0,0.0,0.0,3.0,98.0,42.0,0.0,0.0,0.0,0.0,0.0,0.0,0.0,0.0,0.0,3.0,0.0,8.0,11.0,0.0,0.0,1.0,0.0,0.0,0.0,44.0,0.0,0.0,0.0,0.0
3174.0,919.0,5.0,5283.0,5.0,4.0,1618.0,1857.0,3.0,12.0,17.0,24.0,1.0,682.0,506.0,1323.0,386.0,8.0,371.0,583.0,43.0,1.0,116.0,258.0,952.0,226.0,1983.0,46.0,254.0,19.0,3.0,16.0,380.0,2942.0,10.0,9502.0,1678.0,122.0,17.0,2272.0,2006.0,3426.0,254.0,37.0,330.0,2.0,40.0,0.0,59.0,0.0,96.0,14.0,67.0,38.0,442.0,20.0,134.0,86.0,22.0,220.0,114.0,166.0,4.0,22.0,7.0,7.0,0.0,0.0,71.0,0.0,0.0,0.0,0.0,0.0
4405.0,391.0,17.0,93.0,0.0,0.0,2818.0,1403.0,31.0,167.0,304.0,16.0,140.0,1328.0,1952.0,2776.0,1079.0,4.0,310.0,486.0,234.0,8.0,164.0,915.0,570.0,101.0,1343.0,103.0,221.0,35.0,89.0,66.0,625.0,7710.0,181.0,4971.0,2819.0,249.0,304.0,5591.0,3390.0,4413.0,221.0,190.0,1989.0,45.0,20.0,0.0,1.0,0.0,48.0,34.0,1.0,45.0,863.0,170.0,0.0,19.0,3.0,2296.0,640.0,488.0,43.0,153.0,150.0,333.0,3.0,0.0,0.0,0.0,0.0,0.0,0.0,0.0
787.0,2334.0,0.0,108.0,8.0,0.0,178.0,560.0,0.0,147.0,22.0,1531.0,0.0,68.0,79.0,626.0,28.0,0.0,0.0,21.0,36.0,8.0,12.0,112.0,29.0,2.0,105.0,0.0,15.0,1.0,0.0,1.0,97.0,744.0,68.0,3239.0,423.0,198.0,22.0,984.0,769.0,138.0,15.0,3.0,546.0,0.0,1.0,207.0,37.0,0.0,21.0,29.0,0.0,1.0,279.0,5.0,0.0,546.0,41.0,1.0,37.0,403.0,22.0,13.0,0.0,2.0,4.0,0.0,0.0,0.0,640.0,640.0,0.0,0.0
855.0,48.0,0.0,15.0,269.0,48.0,352.0,1313.0,1.0,403.0,0.0,0.0,1.0,256.0,592.0,1491.0,185.0,1.0,758.0,8.0,8.0,438.0,8.0,1153.0,409.0,376.0,48.0,194.0,187.0,10.0,0.0,27.0,38.0,5892.0,31.0,4030.0,765.0,423.0,0.0,3183.0,2998.0,1027.0,187.0,37.0,36.0,0.0,0.0,15.0,243.0,0.0,14.0,6.0,0.0,81.0,1100.0,242.0,198.0,0.0,10.0,0.0,0.0,0.0,5.0,0.0,0.0,0.0,0.0,0.0,2794.0,155.0,340.0,340.0,0.0,0.0
28.0,37.0,0.0,1.0,0.0,0.0,10.0,22.0,0.0,0.0,0.0,2.0,0.0,9.0,2.0,24.0,16.0,2.0,3.0,1.0,1.0,0.0,0.0,19.0,5.0,0.0,19.0,0.0,1.0,0.0,0.0,0.0,2.0,26.0,0.0,67.0,17.0,1.0,0.0,31.0,63.0,30.0,1.0,0.0,9.0,0.0,1.0,4.0,1.0,2.0,0.0,1.0,0.0,1.0,5.0,0.0,3.0,18.0,0.0,6.0,0.0,1.0,4.0,4.0,0.0,0.0,0.0,0.0,0.0,0.0,2.0,2.0,0.0,0.0
762.0,57.0,15.0,10.0,0.0,4.0,572.0,368.0,8.0,4.0,47.0,5.0,11.0,160.0,220.0,611.0,550.0,15.0,78.0,196.0,21.0,2.0,49.0,241.0,235.0,13.0,159.0,18.0,6.0,42.0,110.0,21.0,128.0,3266.0,86.0,971.0,574.0,18.0,47.0,903.0,1196.0,781.0,6.0,173.0,306.0,110.0,13.0,0.0,1.0,0.0,2.0,12.0,1.0,12.0,72.0,23.0,21.0,0.0,2.0,354.0,91.0,45.0,6.0,70.0,1.0,7.0,0.0,0.0,0.0,0.0,0.0,0.0,0.0,0.0
723.0,20.0,13.0,6.0,0.0,12.0,329.0,447.0,11.0,2.0,71.0,5.0,6.0,154.0,192.0,647.0,185.0,0.0,80.0,161.0,31.0,2.0,54.0,275.0,172.0,11.0,132.0,14.0,30.0,45.0,40.0,33.0,85.0,2574.0,50.0,797.0,331.0,15.0,71.0,878.0,837.0,584.0,30.0,118.0,144.0,10.0,13.0,0.0,1.0,1.0,2.0,11.0,4.0,4.0,39.0,28.0,21.0,1.0,2.0,254.0,22.0,23.0,14.0,21.0,3.0,10.0,0.0,0.0,0.0,0.0,0.0,0.0,0.0,0.0
1188.0,1070.0,26.0,195.0,5.0,18.0,162.0,606.0,17.0,4.0,178.0,33.0,3.0,512.0,126.0,2372.0,350.0,63.0,275.0,149.0,359.0,4.0,138.0,1254.0,122.0,21.0,750.0,2.0,75.0,17.0,7.0,46.0,305.0,973.0,170.0,2538.0,321.0,64.0,178.0,2598.0,2696.0,1813.0,75.0,71.0,826.0,0.0,36.0,1.0,109.0,48.0,39.0,20.0,395.0,33.0,101.0,23.0,80.0,0.0,3.0,918.0,89.0,95.0,72.0,107.0,121.0,172.0,9.0,0.0,0.0,0.0,30.0,30.0,0.0,0.0
1072.0,57.0,46.0,64.0,0.0,1.0,295.0,146.0,4.0,0.0,6.0,0.0,0.0,81.0,356.0,756.0,2.0,0.0,0.0,42.0,0.0,0.0,153.0,74.0,36.0,47.0,21.0,173.0,15.0,0.0,0.0,0.0,14.0,448.0,1.0,1241.0,295.0,18.0,6.0,1403.0,273.0,286.0,15.0,0.0,4.0,0.0,0.0,0.0,0.0,0.0,9.0,9.0,0.0,3.0,292.0,2.0,0.0,0.0,0.0,9.0,0.0,2.0,1.0,0.0,0.0,0.0,0.0,0.0,0.0,0.0,0.0,0.0,0.0,0.0
785.0,1035.0,0.0,2880.0,148.0,19.0,1088.0,468.0,30.0,389.0,24.0,396.0,0.0,337.0,383.0,1705.0,346.0,39.0,1875.0,14.0,325.0,4.0,7.0,648.0,300.0,63.0,90.0,23.0,65.0,32.0,0.0,12.0,28.0,1985.0,232.0,5228.0,6992.0,1031.0,24.0,2240.0,3811.0,493.0,65.0,44.0,275.0,0.0,0.0,3597.0,2297.0,2.0,641.0,0.0,2.0,268.0,152.0,11.0,1.0,540.0,7.0,16.0,26.0,9.0,4.0,3.0,1.0,1.0,0.0,0.0,361.0,9.0,329.0,329.0,0.0,0.0
733.0,7677.0,0.0,681.0,0.0,0.0,326.0,2526.0,4.0,134.0,61.0,687.0,1.0,507.0,157.0,3207.0,704.0,6.0,1012.0,92.0,671.0,0.0,173.0,3857.0,172.0,3.0,917.0,2.0,75.0,11.0,1.0,15.0,827.0,1967.0,557.0,9091.0,1556.0,228.0,61.0,3455.0,6910.0,1965.0,75.0,28.0,1664.0,0.0,1.0,871.0,14.0,345.0,85.0,9.0,143.0,39.0,91.0,108.0,286.0,0.0,196.0,871.0,67.0,665.0,14.0,96.0,142.0,122.0,86.0,0.0,0.0,0.0,4095.0,4095.0,0.0,0.0
88.0,177.0,0.0,474.0,48.0,3.0,3.0,82.0,0.0,5.0,1.0,4.0,0.0,56.0,54.0,124.0,16.0,0.0,19.0,1.0,1.0,0.0,0.0,26.0,10.0,11.0,45.0,6.0,5.0,0.0,0.0,1.0,6.0,54.0,9.0,956.0,1364.0,103.0,1.0,189.0,65.0,83.0,5.0,2.0,80.0,0.0,0.0,784.0,9.0,17.0,98.0,0.0,0.0,23.0,11.0,0.0,0.0,0.0,3.0,11.0,3.0,17.0,50.0,0.0,0.0,0.0,0.0,0.0,166.0,551.0,0.0,0.0,0.0,0.0
121.0,22.0,0.0,12.0,0.0,5.0,43.0,75.0,0.0,7.0,3.0,13.0,0.0,16.0,13.0,38.0,34.0,6.0,6.0,18.0,8.0,0.0,8.0,56.0,8.0,4.0,78.0,0.0,3.0,1.0,0.0,6.0,6.0,139.0,1.0,160.0,59.0,13.0,3.0,50.0,150.0,102.0,3.0,7.0,32.0,0.0,0.0,3.0,2.0,11.0,2.0,5.0,0.0,2.0,0.0,3.0,3.0,8.0,0.0,12.0,3.0,10.0,14.0,3.0,1.0,1.0,0.0,0.0,0.0,0.0,0.0,0.0,0.0,0.0
2172.0,12.0,63.0,0.0,0.0,9.0,341.0,373.0,3.0,72.0,64.0,0.0,26.0,208.0,923.0,1701.0,133.0,116.0,19.0,112.0,1.0,55.0,81.0,353.0,61.0,59.0,203.0,10.0,15.0,7.0,10.0,5.0,84.0,1259.0,2.0,2262.0,341.0,87.0,64.0,2763.0,996.0,333.0,15.0,23.0,150.0,0.0,0.0,0.0,0.0,0.0,1.0,14.0,21.0,5.0,140.0,39.0,87.0,0.0,4.0,0.0,40.0,90.0,6.0,4.0,6.0,1.0,0.0,0.0,7.0,0.0,0.0,0.0,0.0,0.0
12736.0,805.0,0.0,1821.0,0.0,1.0,3000.0,2285.0,91.0,758.0,508.0,59.0,321.0,1698.0,7390.0,9288.0,1753.0,3.0,369.0,2511.0,14.0,48.0,1969.0,2506.0,872.0,350.0,1407.0,2.0,88.0,231.0,0.0,58.0,615.0,14532.0,123.0,15590.0,3001.0,974.0,508.0,18077.0,9529.0,2632.0,88.0,290.0,455.0,226.0,2.0,0.0,0.0,1.0,202.0,14.0,128.0,89.0,1399.0,274.0,82.0,0.0,19.0,0.0,78.0,218.0,0.0,4.0,5.0,28.0,1.0,0.0,0.0,0.0,0.0,0.0,0.0,0.0
990.0,57.0,12.0,0.0,0.0,0.0,160.0,38.0,1.0,0.0,2.0,0.0,0.0,45.0,316.0,349.0,2.0,0.0,0.0,45.0,0.0,0.0,151.0,96.0,137.0,134.0,20.0,1.0,3.0,4.0,0.0,11.0,41.0,718.0,15.0,1059.0,160.0,0.0,2.0,785.0,294.0,299.0,3.0,14.0,20.0,0.0,0.0,0.0,0.0,0.0,0.0,0.0,0.0,0.0,120.0,0.0,0.0,0.0,0.0,8.0,1.0,3.0,0.0,0.0,0.0,0.0,0.0,0.0,0.0,0.0,0.0,0.0,0.0,0.0
381.0,174.0,1.0,1839.0,184.0,0.0,148.0,432.0,1.0,27.0,1.0,0.0,0.0,305.0,34.0,800.0,22.0,0.0,548.0,3.0,2.0,0.0,0.0,53.0,194.0,47.0,57.0,32.0,58.0,0.0,0.0,16.0,36.0,1400.0,468.0,2663.0,4751.0,884.0,1.0,1020.0,4426.0,456.0,58.0,16.0,470.0,0.0,0.0,2847.0,1756.0,0.0,851.0,6.0,1.0,141.0,186.0,0.0,0.0,3797.0,3.0,126.0,0.0,1.0,0.0,0.0,0.0,0.0,0.0,0.0,83.0,0.0,170.0,170.0,0.0,0.0
4757.0,135.0,140.0,480.0,80.0,0.0,6150.0,1810.0,52.0,1.0,90.0,9.0,16.0,575.0,1933.0,4495.0,422.0,5.0,266.0,492.0,28.0,5.0,364.0,1102.0,405.0,19.0,1096.0,26.0,151.0,104.0,1.0,125.0,815.0,6561.0,101.0,6261.0,6150.0,71.0,90.0,7409.0,2783.0,2477.0,151.0,231.0,770.0,468.0,201.0,0.0,0.0,0.0,0.0,70.0,1.0,31.0,981.0,63.0,37.0,0.0,2.0,930.0,88.0,396.0,104.0,23.0,0.0,58.0,1.0,0.0,0.0,0.0,0.0,0.0,0.0,0.0
947.0,526.0,0.0,11.0,0.0,0.0,121.0,342.0,2.0,181.0,193.0,62.0,13.0,85.0,114.0,382.0,128.0,2.0,364.0,132.0,58.0,70.0,53.0,199.0,53.0,85.0,384.0,27.0,20.0,15.0,6.0,3.0,77.0,1240.0,7.0,1483.0,148.0,238.0,193.0,650.0,1091.0,549.0,20.0,24.0,213.0,0.0,0.0,14.0,2.0,11.0,18.0,39.0,1.0,22.0,154.0,65.0,20.0,0.0,7.0,0.0,123.0,46.0,14.0,15.0,2.0,5.0,0.0,0.0,0.0,0.0,0.0,0.0,0.0,0.0
6251.0,405.0,48.0,184.0,0.0,11.0,6583.0,2453.0,42.0,86.0,155.0,71.0,39.0,1105.0,1378.0,4063.0,2428.0,21.0,1051.0,1705.0,216.0,16.0,690.0,1537.0,1148.0,284.0,2000.0,97.0,126.0,208.0,17.0,161.0,702.0,14718.0,194.0,7343.0,6595.0,219.0,155.0,6147.0,8076.0,5165.0,126.0,387.0,1316.0,24.0,419.0,0.0,0.0,0.0,10.0,123.0,3.0,110.0,706.0,138.0,249.0,24.0,9.0,1635.0,565.0,218.0,5.0,239.0,13.0,82.0,0.0,0.0,0.0,11.0,0.0,0.0,0.0,0.0
25742.0,2203.0,160.0,3917.0,0.0,200.0,16606.0,10149.0,214.0,61.0,1533.0,219.0,203.0,9651.0,12080.0,21334.0,7659.0,52.0,3755.0,5905.0,2032.0,45.0,2809.0,7354.0,11598.0,139.0,16006.0,259.0,142.0,681.0,20.0,999.0,4667.0,81513.0,1673.0,33809.0,17966.0,1354.0,1533.0,36472.0,33454.0,36849.0,142.0,1699.0,6883.0,87.0,1265.0,46.0,892.0,398.0,910.0,383.0,12.0,982.0,3059.0,3004.0,548.0,292.0,110.0,8847.0,1350.0,924.0,3.0,1763.0,112.0,1058.0,13.0,0.0,236.0,24.0,0.0,0.0,0.0,0.0
372.0,39.0,4.0,91.0,0.0,6.0,112.0,108.0,4.0,5.0,1.0,8.0,11.0,41.0,52.0,128.0,81.0,0.0,38.0,42.0,2.0,0.0,5.0,56.0,99.0,28.0,94.0,2.0,10.0,5.0,1.0,6.0,45.0,717.0,5.0,513.0,175.0,11.0,1.0,204.0,243.0,280.0,10.0,11.0,26.0,0.0,1.0,0.0,61.0,2.0,4.0,3.0,0.0,2.0,23.0,15.0,3.0,1.0,0.0,57.0,8.0,8.0,1.0,1.0,1.0,2.0,0.0,0.0,0.0,0.0,0.0,0.0,0.0,0.0
4907.0,112.0,75.0,139.0,0.0,32.0,1510.0,285.0,7.0,1.0,33.0,0.0,0.0,309.0,2181.0,4921.0,4.0,1.0,4.0,640.0,1.0,0.0,929.0,1055.0,816.0,123.0,54.0,6.0,94.0,8.0,0.0,57.0,151.0,3785.0,13.0,5266.0,1510.0,1.0,33.0,8082.0,2638.0,1029.0,94.0,66.0,22.0,0.0,2.0,0.0,0.0,0.0,0.0,0.0,0.0,0.0,980.0,1.0,2.0,0.0,5.0,30.0,1.0,7.0,1.0,0.0,0.0,0.0,0.0,0.0,0.0,0.0,0.0,0.0,0.0,0.0
13.0,10.0,0.0,0.0,0.0,0.0,10.0,4.0,0.0,0.0,0.0,38.0,0.0,1.0,0.0,13.0,0.0,0.0,14.0,0.0,0.0,0.0,0.0,6.0,3.0,0.0,3.0,1.0,1.0,0.0,0.0,0.0,1.0,6.0,0.0,24.0,55.0,0.0,0.0,13.0,20.0,10.0,1.0,1.0,8.0,0.0,0.0,0.0,0.0,45.0,0.0,0.0,0.0,2.0,0.0,0.0,0.0,0.0,0.0,4.0,0.0,4.0,3.0,1.0,0.0,0.0,0.0,0.0,0.0,0.0,0.0,0.0,0.0,0.0
1495.0,711.0,1.0,1680.0,0.0,2.0,584.0,1098.0,1.0,36.0,8.0,4.0,9.0,505.0,437.0,994.0,458.0,1.0,363.0,14.0,393.0,0.0,58.0,672.0,787.0,10.0,1194.0,2.0,90.0,4.0,4.0,41.0,171.0,3582.0,47.0,3963.0,1289.0,176.0,8.0,1584.0,2483.0,2213.0,90.0,49.0,291.0,0.0,74.0,346.0,12.0,217.0,123.0,17.0,0.0,2.0,154.0,61.0,7.0,456.0,0.0,220.0,65.0,135.0,6.0,16.0,7.0,14.0,0.0,0.0,0.0,130.0,0.0,22.0,0.0,22.0
962.0,13253.0,0.0,893.0,0.0,5.0,353.0,872.0,0.0,121.0,325.0,361.0,0.0,266.0,0.0,13049.0,505.0,0.0,1686.0,80.0,507.0,0.0,55.0,2981.0,682.0,13.0,1133.0,27.0,383.0,21.0,1.0,202.0,352.0,1500.0,1187.0,15113.0,1545.0,273.0,325.0,13520.0,6240.0,5063.0,383.0,224.0,2995.0,0.0,0.0,742.0,450.0,0.0,152.0,0.0,527.0,250.0,471.0,0.0,425.0,0.0,88.0,3209.0,6.0,89.0,1148.0,259.0,139.0,166.0,30.0,0.0,0.0,0.0,1007.0,1007.0,0.0,0.0
2691.0,424.0,0.0,323.0,97.0,0.0,268.0,628.0,3.0,107.0,4.0,3.0,2.0,201.0,264.0,405.0,161.0,4.0,65.0,50.0,15.0,81.0,144.0,742.0,116.0,117.0,262.0,3.0,46.0,3.0,1.0,14.0,54.0,1073.0,1.0,3949.0,269.0,153.0,4.0,760.0,1285.0,498.0,46.0,18.0,60.0,0.0,1.0,0.0,0.0,0.0,34.0,12.0,1.0,7.0,90.0,22.0,0.0,0.0,0.0,0.0,27.0,31.0,0.0,1.0,0.0,0.0,0.0,0.0,414.0,0.0,0.0,0.0,0.0,0.0
176.0,44.0,0.0,1725.0,9.0,0.0,35.0,143.0,0.0,25.0,0.0,0.0,0.0,71.0,27.0,306.0,19.0,2.0,3.0,12.0,1.0,0.0,1.0,110.0,69.0,10.0,48.0,39.0,15.0,0.0,0.0,4.0,48.0,141.0,80.0,1965.0,1221.0,27.0,0.0,375.0,149.0,190.0,15.0,5.0,90.0,0.0,0.0,1017.0,170.0,0.0,1.0,0.0,106.0,73.0,41.0,0.0,0.0,0.0,1.0,24.0,0.0,2.0,8.0,0.0,0.0,0.0,0.0,0.0,10.0,0.0,0.0,0.0,0.0,0.0
443.0,143.0,3.0,1326.0,41.0,2.0,55.0,406.0,0.0,10.0,3.0,0.0,0.0,160.0,25.0,194.0,71.0,2.0,90.0,21.0,1.0,0.0,3.0,9.0,104.0,14.0,70.0,32.0,22.0,2.0,1.0,17.0,25.0,451.0,29.0,2016.0,276.0,55.0,3.0,227.0,217.0,258.0,22.0,20.0,40.0,0.0,0.0,219.0,2.0,1.0,31.0,14.0,8.0,28.0,7.0,14.0,6.0,0.0,10.0,37.0,0.0,9.0,2.0,0.0,0.0,0.0,0.0,0.0,57.0,0.0,0.0,0.0,0.0,0.0
0.0,0.0,0.0,0.0,0.0,0.0,0.0,0.0,0.0,0.0,0.0,0.0,0.0,0.0,0.0,0.0,0.0,0.0,0.0,0.0,0.0,0.0,0.0,0.0,0.0,0.0,0.0,0.0,0.0,0.0,0.0,0.0,0.0,0.0,0.0,0.0,0.0,0.0,0.0,0.0,0.0,0.0,0.0,0.0,0.0,0.0,0.0,0.0,0.0,0.0,0.0,0.0,0.0,0.0,0.0,0.0,0.0,0.0,0.0,0.0,0.0,0.0,0.0,0.0,0.0,0.0,0.0,0.0,0.0,0.0,0.0,0.0,0.0,0.0
0.0,0.0,0.0,0.0,0.0,0.0,0.0,0.0,0.0,0.0,0.0,0.0,0.0,0.0,0.0,0.0,0.0,0.0,0.0,0.0,0.0,0.0,0.0,0.0,0.0,0.0,0.0,0.0,0.0,0.0,0.0,0.0,0.0,0.0,0.0,0.0,0.0,0.0,0.0,0.0,0.0,0.0,0.0,0.0,0.0,0.0,0.0,0.0,0.0,0.0,0.0,0.0,0.0,0.0,0.0,0.0,0.0,0.0,0.0,0.0,0.0,0.0,0.0,0.0,0.0,0.0,0.0,0.0,0.0,0.0,0.0,0.0,0.0,0.0
0.0,0.0,0.0,0.0,0.0,0.0,0.0,0.0,0.0,0.0,0.0,0.0,0.0,0.0,0.0,0.0,0.0,0.0,0.0,0.0,0.0,0.0,0.0,0.0,0.0,0.0,0.0,0.0,0.0,0.0,0.0,0.0,0.0,0.0,0.0,0.0,0.0,0.0,0.0,0.0,0.0,0.0,0.0,0.0,0.0,0.0,0.0,0.0,0.0,0.0,0.0,0.0,0.0,0.0,0.0,0.0,0.0,0.0,0.0,0.0,0.0,0.0,0.0,0.0,0.0,0.0,0.0,0.0,0.0,0.0,0.0,0.0,0.0,0.0
0.0,0.0,0.0,0.0,0.0,0.0,0.0,0.0,0.0,0.0,0.0,0.0,0.0,0.0,0.0,0.0,0.0,0.0,0.0,0.0,0.0,0.0,0.0,0.0,0.0,0.0,0.0,0.0,0.0,0.0,0.0,0.0,0.0,0.0,0.0,0.0,0.0,0.0,0.0,0.0,0.0,0.0,0.0,0.0,0.0,0.0,0.0,0.0,0.0,0.0,0.0,0.0,0.0,0.0,0.0,0.0,0.0,0.0,0.0,0.0,0.0,0.0,0.0,0.0,0.0,0.0,0.0,0.0,0.0,0.0,0.0,0.0,0.0,0.0
0.0,0.0,0.0,0.0,0.0,0.0,0.0,0.0,0.0,0.0,0.0,0.0,0.0,0.0,0.0,0.0,0.0,0.0,0.0,0.0,0.0,0.0,0.0,0.0,0.0,0.0,0.0,0.0,0.0,0.0,0.0,0.0,0.0,0.0,0.0,0.0,0.0,0.0,0.0,0.0,0.0,0.0,0.0,0.0,0.0,0.0,0.0,0.0,0.0,0.0,0.0,0.0,0.0,0.0,0.0,0.0,0.0,0.0,0.0,0.0,0.0,0.0,0.0,0.0,0.0,0.0,0.0,0.0,0.0,0.0,0.0,0.0,0.0,0.0
0.0,0.0,0.0,0.0,0.0,0.0,0.0,0.0,0.0,0.0,0.0,0.0,0.0,0.0,0.0,0.0,0.0,0.0,0.0,0.0,0.0,0.0,0.0,0.0,0.0,0.0,0.0,0.0,0.0,0.0,0.0,0.0,0.0,0.0,0.0,0.0,0.0,0.0,0.0,0.0,0.0,0.0,0.0,0.0,0.0,0.0,0.0,0.0,0.0,0.0,0.0,0.0,0.0,0.0,0.0,0.0,0.0,0.0,0.0,0.0,0.0,0.0,0.0,0.0,0.0,0.0,0.0,0.0,0.0,0.0,0.0,0.0,0.0,0.0
0.0,0.0,0.0,0.0,0.0,0.0,0.0,0.0,0.0,0.0,0.0,0.0,0.0,0.0,0.0,0.0,0.0,0.0,0.0,0.0,0.0,0.0,0.0,0.0,0.0,0.0,0.0,0.0,0.0,0.0,0.0,0.0,0.0,0.0,0.0,0.0,0.0,0.0,0.0,0.0,0.0,0.0,0.0,0.0,0.0,0.0,0.0,0.0,0.0,0.0,0.0,0.0,0.0,0.0,0.0,0.0,0.0,0.0,0.0,0.0,0.0,0.0,0.0,0.0,0.0,0.0,0.0,0.0,0.0,0.0,0.0,0.0,0.0,0.0
0.0,0.0,0.0,0.0,0.0,0.0,0.0,0.0,0.0,0.0,0.0,0.0,0.0,0.0,0.0,0.0,0.0,0.0,0.0,0.0,0.0,0.0,0.0,0.0,0.0,0.0,0.0,0.0,0.0,0.0,0.0,0.0,0.0,0.0,0.0,0.0,0.0,0.0,0.0,0.0,0.0,0.0,0.0,0.0,0.0,0.0,0.0,0.0,0.0,0.0,0.0,0.0,0.0,0.0,0.0,0.0,0.0,0.0,0.0,0.0,0.0,0.0,0.0,0.0,0.0,0.0,0.0,0.0,0.0,0.0,0.0,0.0,0.0,0.0
